"start_index","end_index","start_name","end_name","sequence_length","sequence_name","start_layer_kind","end_layer_kind","sequence_layer_kind","start_layer_path_time","mean_path_time","end_layer_path_time","raw_path_time"
1,11,"conv1","2a/res2a_branch2b_relu",10,"conv1-bn_conv1-conv1_relu-pool1_pad-pool1-2a/res2a_branch2a-2a/bn2a_branch2a-2a/res2a_branch2a_relu-2a/res2a_branch2b-2a/bn2a_branch2b-2a/res2a_branch2b_relu","Convolution","Elementwise","Convolution-BatchNormalization-Elementwise-Padding-Pooling-Convolution-BatchNormalization-Elementwise-Convolution-BatchNormalization-Elementwise",7536.,7624.5333,15276.,"{14862., 15276., 15071., 14837., 9963., 7685., 7652., 7692., 7683., 7557., 7674., 7567., 7600., 7564., 7647., 7536., 7577., 7581., 7694., 7605., 7629., 7588., 7629., 7682., 7614., 7655., 7549., 7648., 7577., 7609., 7558., 7600., 7582., 7604., 7594., 7765., 7556., 7599., 7601., 7631., 7582., 7614., 7688., 7553., 7654., 7547., 7696., 7555., 7689., 7652.}"
12,12,"2a/res2a_branch2c","2a/res2a_branch2c",0,"2a/res2a_branch2c","Convolution","Convolution","Convolution",237.,242.10000000000002,428.,"{428., 266., 243., 294., 267., 289., 274., 243., 242., 240., 241., 241., 241., 241., 240., 240., 241., 241., 241., 242., 257., 241., 239., 238., 239., 238., 238., 237., 247., 249., 241., 240., 240., 239., 243., 240., 244., 241., 239., 239., 241., 289., 267., 266., 276., 240., 242., 239., 240., 240.}"
14,14,"2a/res2a_branch1","2a/res2a_branch1",0,"2a/res2a_branch1","Convolution","Convolution","Convolution",236.,241.66670000000002,322.,"{322., 251., 245., 244., 281., 270., 287., 272., 267., 241., 241., 240., 241., 241., 243., 241., 240., 239., 240., 241., 240., 242., 268., 246., 241., 239., 238., 238., 238., 237., 236., 238., 237., 237., 238., 238., 238., 247., 239., 238., 237., 237., 236., 285., 264., 264., 275., 238., 237., 237.}"
15,15,"2a/bn2a_branch1","2a/bn2a_branch1",0,"2a/bn2a_branch1","BatchNormalization","BatchNormalization","BatchNormalization",288.,289.43330000000003,431.,"{429., 431., 310., 294., 290., 291., 290., 290., 291., 289., 291., 305., 290., 290., 289., 290., 289., 289., 290., 289., 289., 289., 297., 289., 301., 289., 290., 288., 289., 288., 289., 289., 289., 290., 289., 290., 289., 288., 303., 290., 288., 289., 289., 289., 288., 289., 288., 289., 288., 289.}"
16,16,"2a/res2a","2a/res2a",0,"2a/res2a","Total","Total","Total",444.,445.3333,686.,"{686., 643., 519., 453., 446., 445., 445., 459., 445., 445., 445., 445., 445., 444., 445., 445., 459., 445., 445., 461., 446., 445., 444., 445., 445., 459., 445., 445., 445., 445., 445., 444., 445., 457., 444., 445., 445., 445., 444., 445., 444., 453., 459., 445., 445., 444., 445., 444., 445., 444.}"
17,17,"2a/res2a_relu","2a/res2a_relu",0,"2a/res2a_relu","Elementwise","Elementwise","Elementwise",278.,279.1333,389.,"{389., 346., 288., 279., 280., 280., 279., 279., 290., 278., 279., 278., 279., 286., 279., 279., 280., 279., 279., 279., 279., 279., 293., 280., 279., 279., 279., 279., 279., 278., 280., 279., 279., 279., 279., 279., 289., 279., 278., 278., 279., 279., 278., 278., 279., 278., 278., 286., 280., 278.}"
18,18,"2b/res2b_branch2a","2b/res2b_branch2a",0,"2b/res2b_branch2a","Convolution","Convolution","Convolution",214.,216.26670000000001,350.,"{350., 233., 219., 217., 217., 216., 232., 218., 218., 216., 215., 215., 216., 215., 216., 216., 215., 214., 217., 216., 214., 215., 216., 216., 224., 216., 215., 215., 216., 241., 249., 241., 241., 241., 228., 215., 215., 216., 215., 215., 215., 220., 218., 215., 217., 215., 215., 216., 215., 215.}"
19,19,"2b/bn2b_branch2a","2b/bn2b_branch2a",0,"2b/bn2b_branch2a","BatchNormalization","BatchNormalization","BatchNormalization",100.,101.03330000000001,134.,"{134., 134., 105., 101., 102., 101., 107., 102., 102., 101., 101., 101., 101., 109., 101., 101., 101., 101., 102., 101., 101., 100., 101., 101., 100., 101., 101., 101., 100., 101., 101., 100., 100., 100., 101., 101., 101., 118., 102., 101., 100., 101., 101., 101., 101., 101., 101., 101., 101., 100.}"
20,20,"2b/res2b_branch2a_relu","2b/res2b_branch2a_relu",0,"2b/res2b_branch2a_relu","Elementwise","Elementwise","Elementwise",94.,94.4667,113.,"{113., 97., 95., 94., 95., 95., 94., 95., 94., 109., 96., 94., 94., 95., 94., 94., 95., 95., 94., 94., 94., 101., 94., 94., 94., 95., 96., 95., 94., 96., 95., 95., 94., 94., 95., 94., 95., 95., 94., 94., 94., 94., 94., 94., 94., 95., 94., 108., 94., 95.}"
21,21,"2b/res2b_branch2b","2b/res2b_branch2b",0,"2b/res2b_branch2b","Convolution","Convolution","Convolution",1727.,1763.3333,1951.,"{1933., 1951., 1853., 1752., 1751., 1767., 1776., 1823., 1749., 1770., 1732., 1769., 1834., 1808., 1748., 1730., 1764., 1748., 1841., 1746., 1743., 1763., 1763., 1812., 1817., 1760., 1744., 1738., 1743., 1829., 1727., 1746., 1742., 1749., 1773., 1802., 1754., 1743., 1747., 1738., 1827., 1784., 1748., 1757., 1762., 1783., 1813., 1760., 1745., 1737.}"
22,22,"2b/bn2b_branch2b","2b/bn2b_branch2b",0,"2b/bn2b_branch2b","BatchNormalization","BatchNormalization","BatchNormalization",92.,92.6667,126.,"{126., 101., 94., 93., 92., 92., 92., 92., 92., 92., 93., 92., 93., 93., 92., 92., 93., 93., 93., 92., 93., 92., 93., 93., 93., 92., 92., 93., 106., 92., 93., 92., 93., 93., 104., 93., 92., 93., 93., 92., 93., 92., 92., 93., 93., 93., 92., 93., 93., 93.}"
23,23,"2b/res2b_branch2b_relu","2b/res2b_branch2b_relu",0,"2b/res2b_branch2b_relu","Elementwise","Elementwise","Elementwise",93.,94.1333,112.,"{112., 97., 96., 96., 95., 95., 94., 94., 94., 94., 94., 94., 94., 93., 94., 93., 94., 93., 94., 94., 94., 94., 94., 94., 102., 94., 94., 95., 95., 94., 95., 104., 95., 94., 94., 94., 95., 94., 94., 94., 95., 94., 94., 94., 94., 94., 94., 94., 94., 94.}"
24,24,"2b/res2b_branch2c","2b/res2b_branch2c",0,"2b/res2b_branch2c","Convolution","Convolution","Convolution",233.,236.9333,512.,"{512., 341., 277., 236., 235., 235., 235., 283., 262., 280., 262., 235., 236., 235., 235., 234., 234., 235., 234., 235., 235., 234., 235., 233., 234., 248., 237., 236., 235., 237., 234., 235., 234., 235., 235., 245., 239., 237., 237., 235., 235., 250., 237., 235., 237., 235., 236., 282., 262., 260.}"
25,25,"2b/bn2b_branch2c","2b/bn2b_branch2c",0,"2b/bn2b_branch2c","BatchNormalization","BatchNormalization","BatchNormalization",292.,292.6,420.,"{406., 420., 313., 294., 293., 293., 309., 293., 292., 292., 293., 292., 292., 293., 292., 292., 292., 302., 292., 307., 293., 293., 292., 293., 293., 292., 293., 293., 292., 292., 312., 293., 305., 292., 293., 293., 293., 292., 293., 292., 292., 292., 293., 292., 293., 303., 292., 292., 292., 292.}"
26,26,"2b/res2b","2b/res2b",0,"2b/res2b","Total","Total","Total",445.,449.40000000000003,698.,"{698., 631., 520., 454., 449., 465., 446., 447., 457., 446., 446., 446., 462., 447., 447., 446., 446., 447., 447., 445., 446., 446., 464., 450., 448., 449., 448., 449., 448., 459., 449., 466., 449., 448., 448., 447., 448., 448., 448., 448., 465., 451., 450., 452., 451., 452., 451., 451., 468., 451.}"
27,27,"2b/res2b_relu","2b/res2b_relu",0,"2b/res2b_relu","Elementwise","Elementwise","Elementwise",278.,279.6667,393.,"{393., 349., 285., 281., 280., 281., 280., 279., 293., 280., 280., 279., 280., 280., 280., 279., 279., 280., 279., 286., 280., 279., 290., 280., 279., 279., 280., 280., 279., 279., 279., 279., 279., 280., 279., 280., 279., 280., 279., 279., 280., 280., 280., 279., 280., 280., 279., 278., 280., 291.}"
28,28,"2c/res2c_branch2a","2c/res2c_branch2a",0,"2c/res2c_branch2a","Convolution","Convolution","Convolution",214.,216.3667,354.,"{354., 232., 219., 217., 216., 217., 216., 216., 217., 216., 217., 216., 233., 218., 215., 216., 217., 216., 216., 215., 216., 216., 215., 214., 215., 215., 224., 245., 241., 257., 243., 230., 216., 216., 216., 215., 216., 216., 215., 214., 216., 215., 217., 216., 216., 215., 227., 218., 216., 215.}"
29,29,"2c/bn2c_branch2a","2c/bn2c_branch2a",0,"2c/bn2c_branch2a","BatchNormalization","BatchNormalization","BatchNormalization",140.,149.5,208.,"{208., 155., 142., 143., 141., 140., 140., 161., 142., 140., 141., 140., 145., 150., 153., 166., 152., 144., 141., 140., 140., 140., 141., 149., 155., 156., 152., 151., 150., 150., 151., 150., 149., 153., 151., 149., 147., 147., 150., 151., 165., 155., 200., 175., 159., 157., 157., 157., 160., 145.}"
30,30,"2c/res2c_branch2a_relu","2c/res2c_branch2a_relu",0,"2c/res2c_branch2a_relu","Elementwise","Elementwise","Elementwise",121.,127.80000000000001,162.,"{162., 145., 131., 126., 124., 124., 125., 126., 125., 125., 125., 131., 124., 124., 124., 124., 124., 124., 124., 124., 124., 123., 127., 133., 133., 131., 131., 133., 132., 130., 141., 132., 136., 137., 140., 147., 138., 136., 134., 135., 131., 123., 122., 121., 121., 121., 121., 121., 122., 133.}"
31,31,"2c/res2c_branch2b","2c/res2c_branch2b",0,"2c/res2c_branch2b","Convolution","Convolution","Convolution",3390.,3429.0667000000003,3595.,"{3595., 3484., 3535., 3406., 3475., 3489., 3400., 3539., 3451., 3432., 3527., 3405., 3422., 3478., 3395., 3394., 3445., 3411., 3409., 3441., 3417., 3401., 3403., 3434., 3404., 3407., 3401., 3402., 3452., 3390., 3411., 3472., 3404., 3441., 3486., 3401., 3462., 3490., 3410., 3562., 3438., 3411., 3502., 3420., 3422., 3457., 3407., 3413., 3415., 3402.}"
32,32,"2c/bn2c_branch2b","2c/bn2c_branch2b",0,"2c/bn2c_branch2b","BatchNormalization","BatchNormalization","BatchNormalization",144.,145.5667,187.,"{187., 154., 148., 146., 147., 146., 146., 146., 146., 146., 145., 145., 146., 183., 149., 145., 146., 146., 145., 145., 145., 146., 146., 145., 146., 145., 146., 145., 145., 145., 144., 145., 145., 145., 145., 146., 146., 145., 145., 162., 146., 145., 145., 145., 146., 145., 145., 151., 146., 146.}"
33,33,"2c/res2c_branch2b_relu","2c/res2c_branch2b_relu",0,"2c/res2c_branch2b_relu","Elementwise","Elementwise","Elementwise",123.,123.56670000000001,145.,"{145., 126., 124., 124., 124., 123., 123., 124., 124., 136., 124., 123., 125., 123., 123., 124., 123., 123., 124., 130., 124., 123., 123., 124., 124., 125., 123., 123., 124., 123., 124., 123., 123., 123., 123., 124., 124., 123., 123., 124., 136., 124., 123., 123., 124., 125., 124., 123., 123., 123.}"
34,34,"2c/res2c_branch2c","2c/res2c_branch2c",0,"2c/res2c_branch2c","Convolution","Convolution","Convolution",351.,354.7667,629.,"{629., 520., 393., 356., 353., 353., 354., 355., 359., 353., 356., 355., 366., 353., 352., 353., 352., 354., 355., 355., 354., 398., 394., 408., 376., 353., 355., 353., 353., 354., 354., 352., 353., 368., 355., 353., 353., 351., 352., 352., 353., 354., 353., 354., 355., 355., 356., 355., 390., 394.}"
35,35,"2c/bn2c_branch2c","2c/bn2c_branch2c",0,"2c/bn2c_branch2c","BatchNormalization","BatchNormalization","BatchNormalization",490.,494.73330000000004,626.,"{626., 580., 503., 495., 495., 494., 505., 511., 493., 490., 491., 491., 490., 491., 491., 510., 493., 499., 494., 494., 494., 494., 494., 507., 492., 493., 500., 493., 492., 494., 493., 506., 494., 494., 493., 493., 494., 495., 493., 509., 495., 495., 494., 494., 495., 502., 496., 512., 495., 494.}"
36,36,"2c/res2c","2c/res2c",0,"2c/res2c","Total","Total","Total",718.,721.9667000000001,893.,"{893., 856., 781., 725., 720., 719., 720., 737., 720., 726., 718., 722., 733., 722., 721., 720., 721., 723., 735., 719., 719., 719., 729., 734., 722., 720., 720., 720., 720., 732., 721., 722., 721., 721., 737., 719., 728., 720., 720., 721., 735., 721., 721., 720., 720., 737., 720., 719., 719., 720.}"
37,37,"2c/res2c_relu","2c/res2c_relu",0,"2c/res2c_relu","Elementwise","Elementwise","Elementwise",413.,415.43330000000003,560.,"{560., 489., 422., 415., 413., 430., 414., 414., 414., 414., 416., 415., 416., 414., 432., 414., 413., 413., 416., 414., 416., 415., 422., 414., 426., 413., 416., 413., 415., 414., 417., 415., 413., 432., 416., 417., 416., 415., 414., 418., 416., 416., 415., 427., 417., 416., 421., 414., 415., 416.}"
38,38,"3a/res3a_branch2a","3a/res3a_branch2a",0,"3a/res3a_branch2a","Convolution","Convolution","Convolution",571.,580.3000000000001,672.,"{606., 643., 593., 573., 594., 575., 575., 574., 577., 574., 576., 593., 576., 649., 651., 576., 578., 589., 579., 572., 571., 573., 574., 572., 594., 578., 575., 574., 572., 575., 659., 672., 578., 573., 571., 571., 602., 592., 580., 576., 578., 580., 578., 578., 587., 576., 601., 648., 628., 581.}"
41,41,"3a/res3a_branch2b","3a/res3a_branch2b",0,"3a/res3a_branch2b","Convolution","Convolution","Convolution",1252.,2122.9333,2490.,"{2399., 2418., 2319., 2293., 2295., 2324., 2345., 2299., 2282., 2266., 2378., 2269., 2303., 2293., 2427., 2319., 2270., 2490., 2333., 2380., 2283., 2285., 2284., 2356., 2303., 2298., 2266., 2400., 2269., 2287., 2269., 2375., 2351., 2279., 2021., 1279., 1289., 1422., 1254., 1252., 1280., 1261., 1268., 1271., 1312., 1331., 1259., 1256., 1270., 1272.}"
42,42,"3a/bn3a_branch2b","3a/bn3a_branch2b",0,"3a/bn3a_branch2b","BatchNormalization","BatchNormalization","BatchNormalization",64.,65.,94.,"{94., 74., 66., 66., 65., 65., 65., 65., 65., 65., 64., 65., 66., 66., 65., 65., 65., 65., 65., 65., 65., 65., 64., 65., 65., 65., 65., 64., 65., 69., 65., 65., 66., 65., 64., 65., 65., 65., 79., 66., 65., 65., 65., 65., 65., 65., 64., 64., 65., 65.}"
43,43,"3a/res3a_branch2b_relu","3a/res3a_branch2b_relu",0,"3a/res3a_branch2b_relu","Elementwise","Elementwise","Elementwise",57.,57.533300000000004,81.,"{81., 63., 60., 59., 59., 58., 59., 58., 58., 57., 57., 57., 57., 58., 58., 57., 57., 58., 57., 57., 57., 58., 57., 57., 58., 58., 57., 57., 57., 58., 57., 57., 57., 74., 60., 58., 57., 58., 58., 58., 58., 57., 57., 58., 57., 58., 57., 58., 57., 57.}"
44,44,"3a/res3a_branch2c","3a/res3a_branch2c",0,"3a/res3a_branch2c","Convolution","Convolution","Convolution",193.,196.8333,295.,"{295., 206., 200., 198., 197., 212., 196., 194., 193., 193., 194., 220., 221., 218., 217., 217., 218., 193., 193., 196., 206., 197., 196., 197., 209., 198., 196., 196., 196., 196., 195., 195., 196., 196., 196., 196., 195., 196., 194., 195., 195., 196., 195., 207., 197., 196., 195., 195., 195., 195.}"
47,47,"3a/bn3a_branch1","3a/bn3a_branch1",0,"3a/bn3a_branch1","BatchNormalization","BatchNormalization","BatchNormalization",169.,170.6,213.,"{213., 212., 177., 173., 185., 171., 171., 171., 172., 171., 171., 170., 171., 172., 171., 170., 171., 171., 171., 170., 170., 170., 169., 170., 170., 171., 184., 171., 171., 171., 170., 171., 170., 170., 170., 170., 171., 171., 170., 170., 170., 170., 170., 170., 171., 170., 170., 170., 179., 171.}"
48,48,"3a/res3a","3a/res3a",0,"3a/res3a","Total","Total","Total",256.,256.93330000000003,312.,"{312., 283., 263., 258., 257., 256., 257., 267., 256., 271., 257., 257., 256., 257., 257., 256., 256., 257., 258., 256., 257., 256., 257., 256., 270., 258., 257., 257., 257., 257., 257., 257., 256., 257., 257., 256., 256., 257., 257., 273., 256., 257., 257., 256., 266., 257., 257., 257., 257., 257.}"
49,49,"3a/res3a_relu","3a/res3a_relu",0,"3a/res3a_relu","Elementwise","Elementwise","Elementwise",156.,157.26670000000001,198.,"{198., 173., 160., 158., 159., 158., 158., 157., 169., 158., 157., 157., 157., 158., 157., 157., 157., 157., 157., 157., 158., 157., 157., 157., 157., 157., 158., 166., 157., 158., 157., 167., 157., 158., 157., 157., 157., 157., 157., 158., 157., 157., 157., 157., 157., 157., 158., 157., 156., 157.}"
50,50,"3b/res3b_branch2a","3b/res3b_branch2a",0,"3b/res3b_branch2a","Convolution","Convolution","Convolution",220.,223.20000000000002,389.,"{389., 234., 227., 225., 224., 223., 267., 250., 249., 248., 245., 223., 221., 222., 222., 223., 222., 236., 224., 223., 221., 222., 222., 221., 222., 223., 222., 222., 222., 224., 221., 222., 225., 222., 236., 223., 222., 223., 221., 222., 221., 222., 220., 221., 221., 221., 222., 222., 258., 249.}"
51,51,"3b/bn3b_branch2a","3b/bn3b_branch2a",0,"3b/bn3b_branch2a","BatchNormalization","BatchNormalization","BatchNormalization",64.,65.4,96.,"{96., 74., 67., 66., 65., 66., 66., 65., 66., 66., 66., 66., 66., 66., 66., 66., 66., 66., 66., 65., 65., 65., 65., 65., 64., 65., 66., 65., 65., 66., 65., 65., 66., 65., 64., 65., 65., 65., 65., 65., 66., 65., 65., 65., 65., 66., 65., 65., 65., 65.}"
52,52,"3b/res3b_branch2a_relu","3b/res3b_branch2a_relu",0,"3b/res3b_branch2a_relu","Elementwise","Elementwise","Elementwise",54.,55.1,107.,"{77., 60., 56., 56., 56., 55., 56., 56., 56., 55., 56., 55., 56., 54., 55., 55., 55., 55., 55., 55., 55., 55., 55., 55., 56., 55., 55., 107., 60., 55., 55., 54., 55., 55., 54., 55., 54., 55., 55., 55., 54., 55., 54., 55., 55., 54., 54., 55., 55., 54.}"
53,53,"3b/res3b_branch2b","3b/res3b_branch2b",0,"3b/res3b_branch2b","Convolution","Convolution","Convolution",1245.,1265.,1518.,"{1518., 1294., 1297., 1266., 1248., 1303., 1245., 1272., 1387., 1255., 1246., 1264., 1253., 1248., 1268., 1311., 1348., 1265., 1257., 1251., 1268., 1245., 1255., 1340., 1327., 1245., 1261., 1263., 1252., 1255., 1282., 1415., 1255., 1262., 1247., 1252., 1292., 1247., 1246., 1428., 1254., 1248., 1266., 1252., 1248., 1262., 1306., 1323., 1269., 1257.}"
54,54,"3b/bn3b_branch2b","3b/bn3b_branch2b",0,"3b/bn3b_branch2b","BatchNormalization","BatchNormalization","BatchNormalization",65.,65.60000000000001,92.,"{92., 74., 68., 67., 66., 66., 66., 66., 66., 66., 66., 66., 66., 66., 66., 66., 66., 66., 66., 79., 67., 66., 66., 65., 66., 66., 65., 65., 65., 65., 65., 65., 66., 65., 65., 65., 65., 65., 65., 65., 66., 65., 65., 65., 65., 65., 66., 65., 65., 65.}"
55,55,"3b/res3b_branch2b_relu","3b/res3b_branch2b_relu",0,"3b/res3b_branch2b_relu","Elementwise","Elementwise","Elementwise",57.,57.6,91.,"{91., 62., 59., 58., 58., 58., 58., 58., 57., 70., 61., 58., 58., 58., 58., 58., 57., 58., 58., 58., 57., 58., 57., 57., 57., 57., 58., 57., 58., 57., 58., 58., 57., 58., 57., 57., 58., 57., 58., 57., 57., 57., 57., 57., 57., 58., 57., 57., 57., 58.}"
56,56,"3b/res3b_branch2c","3b/res3b_branch2c",0,"3b/res3b_branch2c","Convolution","Convolution","Convolution",195.,197.,297.,"{297., 206., 200., 197., 198., 197., 196., 197., 197., 196., 196., 200., 197., 196., 197., 207., 198., 197., 197., 196., 196., 195., 239., 222., 219., 221., 231., 196., 195., 196., 197., 196., 196., 196., 209., 199., 196., 197., 196., 197., 196., 197., 196., 197., 200., 196., 196., 197., 196., 197.}"
57,57,"3b/bn3b_branch2c","3b/bn3b_branch2c",0,"3b/bn3b_branch2c","BatchNormalization","BatchNormalization","BatchNormalization",168.,170.9667,221.,"{221., 210., 176., 172., 171., 171., 171., 171., 171., 171., 170., 171., 171., 171., 170., 171., 183., 178., 171., 170., 169., 170., 169., 170., 169., 169., 169., 168., 205., 175., 172., 170., 170., 171., 171., 171., 171., 185., 171., 171., 171., 171., 171., 171., 171., 180., 172., 171., 171., 171.}"
58,58,"3b/res3b","3b/res3b",0,"3b/res3b","Total","Total","Total",255.,256.2667,314.,"{314., 290., 266., 257., 257., 257., 256., 272., 258., 256., 256., 255., 257., 255., 256., 257., 256., 255., 256., 256., 257., 256., 269., 255., 256., 255., 256., 263., 256., 255., 255., 256., 257., 255., 257., 255., 257., 270., 257., 255., 257., 255., 256., 256., 256., 256., 256., 256., 257., 255.}"
59,59,"3b/res3b_relu","3b/res3b_relu",0,"3b/res3b_relu","Elementwise","Elementwise","Elementwise",156.,157.3,199.,"{199., 176., 159., 158., 158., 157., 158., 158., 159., 157., 157., 157., 157., 162., 158., 157., 157., 157., 157., 158., 157., 158., 158., 157., 157., 158., 158., 157., 157., 157., 158., 157., 157., 158., 157., 157., 168., 157., 157., 157., 157., 157., 157., 157., 165., 157., 157., 157., 156., 157.}"
60,60,"3c/res3c_branch2a","3c/res3c_branch2a",0,"3c/res3c_branch2a","Convolution","Convolution","Convolution",220.,221.76670000000001,356.,"{356., 230., 227., 223., 221., 222., 221., 259., 249., 248., 265., 264., 221., 222., 224., 221., 222., 221., 222., 222., 221., 221., 222., 222., 221., 220., 220., 232., 221., 222., 221., 221., 222., 221., 221., 221., 220., 221., 221., 220., 222., 221., 221., 221., 238., 223., 221., 221., 221., 227.}"
61,61,"3c/bn3c_branch2a","3c/bn3c_branch2a",0,"3c/bn3c_branch2a","BatchNormalization","BatchNormalization","BatchNormalization",65.,65.6333,94.,"{94., 74., 67., 66., 67., 66., 66., 66., 66., 66., 66., 66., 66., 66., 66., 65., 66., 65., 66., 66., 66., 66., 65., 65., 65., 65., 66., 66., 65., 65., 65., 65., 65., 65., 65., 66., 66., 65., 65., 66., 65., 65., 65., 66., 65., 65., 65., 66., 78., 66.}"
62,62,"3c/res3c_branch2a_relu","3c/res3c_branch2a_relu",0,"3c/res3c_branch2a_relu","Elementwise","Elementwise","Elementwise",57.,57.8667,81.,"{81., 62., 60., 69., 60., 59., 59., 59., 58., 57., 58., 58., 58., 64., 59., 59., 58., 57., 58., 58., 57., 57., 58., 57., 57., 58., 58., 58., 58., 57., 58., 57., 57., 58., 58., 58., 57., 57., 57., 58., 59., 57., 58., 57., 58., 57., 58., 57., 59., 57.}"
63,63,"3c/res3c_branch2b","3c/res3c_branch2b",0,"3c/res3c_branch2b","Convolution","Convolution","Convolution",1240.,1270.6667,1421.,"{1378., 1291., 1421., 1260., 1289., 1254., 1256., 1271., 1245., 1302., 1373., 1263., 1240., 1272., 1290., 1253., 1288., 1344., 1332., 1277., 1260., 1247., 1280., 1251., 1269., 1379., 1271., 1268., 1263., 1266., 1262., 1258., 1251., 1397., 1259., 1270., 1253., 1259., 1272., 1248., 1295., 1396., 1280., 1256., 1244., 1246., 1249., 1266., 1328., 1318.}"
64,64,"3c/bn3c_branch2b","3c/bn3c_branch2b",0,"3c/bn3c_branch2b","BatchNormalization","BatchNormalization","BatchNormalization",65.,65.6667,94.,"{94., 73., 67., 67., 67., 67., 66., 66., 66., 65., 66., 66., 66., 66., 66., 66., 68., 66., 66., 66., 65., 66., 66., 66., 66., 65., 65., 65., 66., 65., 65., 66., 66., 65., 66., 65., 66., 65., 65., 65., 65., 66., 65., 65., 66., 65., 65., 65., 65., 65.}"
65,65,"3c/res3c_branch2b_relu","3c/res3c_branch2b_relu",0,"3c/res3c_branch2b_relu","Elementwise","Elementwise","Elementwise",57.,57.800000000000004,80.,"{80., 64., 60., 59., 58., 59., 59., 58., 58., 59., 58., 57., 57., 58., 58., 57., 58., 58., 57., 57., 57., 58., 57., 57., 57., 58., 58., 57., 60., 57., 57., 58., 58., 58., 58., 57., 58., 58., 57., 58., 58., 58., 58., 58., 57., 57., 58., 58., 58., 58.}"
66,66,"3c/res3c_branch2c","3c/res3c_branch2c",0,"3c/res3c_branch2c","Convolution","Convolution","Convolution",195.,196.8667,320.,"{320., 231., 199., 199., 198., 196., 197., 197., 196., 211., 198., 197., 197., 196., 196., 196., 196., 197., 197., 196., 197., 196., 197., 197., 196., 196., 196., 196., 210., 198., 197., 196., 196., 196., 196., 195., 197., 197., 197., 197., 196., 197., 197., 196., 234., 222., 224., 236., 222., 197.}"
67,67,"3c/bn3c_branch2c","3c/bn3c_branch2c",0,"3c/bn3c_branch2c","BatchNormalization","BatchNormalization","BatchNormalization",171.,172.5,223.,"{219., 223., 177., 172., 172., 173., 172., 172., 172., 172., 172., 173., 173., 174., 173., 173., 188., 174., 173., 173., 173., 173., 172., 172., 173., 173., 172., 173., 171., 173., 172., 172., 173., 171., 172., 172., 172., 173., 178., 172., 172., 173., 173., 171., 172., 172., 173., 172., 172., 171.}"
68,68,"3c/res3c","3c/res3c",0,"3c/res3c","Total","Total","Total",256.,256.8333,319.,"{319., 290., 267., 257., 258., 257., 256., 257., 256., 256., 257., 257., 257., 267., 257., 256., 257., 256., 257., 256., 257., 256., 256., 256., 256., 265., 257., 268., 257., 256., 257., 257., 257., 257., 257., 257., 257., 257., 257., 256., 256., 257., 271., 257., 256., 257., 257., 257., 256., 257.}"
69,69,"3c/res3c_relu","3c/res3c_relu",0,"3c/res3c_relu","Elementwise","Elementwise","Elementwise",156.,156.70000000000002,199.,"{199., 174., 159., 157., 157., 169., 157., 157., 157., 156., 156., 156., 157., 157., 157., 156., 156., 156., 156., 157., 157., 157., 157., 156., 157., 165., 160., 157., 157., 171., 158., 157., 158., 156., 156., 157., 157., 156., 157., 156., 156., 156., 157., 157., 157., 156., 156., 156., 156., 156.}"
70,70,"3d/res3d_branch2a","3d/res3d_branch2a",0,"3d/res3d_branch2a","Convolution","Convolution","Convolution",219.,221.7333,367.,"{367., 232., 224., 224., 221., 222., 222., 222., 220., 221., 221., 233., 224., 222., 221., 221., 221., 221., 221., 221., 220., 221., 221., 222., 219., 223., 270., 249., 262., 250., 250., 221., 225., 221., 221., 220., 221., 220., 222., 221., 222., 222., 220., 221., 221., 236., 223., 222., 221., 221.}"
71,71,"3d/bn3d_branch2a","3d/bn3d_branch2a",0,"3d/bn3d_branch2a","BatchNormalization","BatchNormalization","BatchNormalization",65.,65.33330000000001,95.,"{95., 75., 67., 67., 66., 66., 66., 66., 66., 66., 65., 65., 65., 65., 66., 66., 65., 65., 65., 65., 77., 66., 65., 66., 66., 65., 65., 65., 65., 65., 66., 65., 65., 65., 65., 65., 65., 65., 66., 65., 66., 65., 65., 65., 65., 65., 65., 65., 66., 65.}"
72,72,"3d/res3d_branch2a_relu","3d/res3d_branch2a_relu",0,"3d/res3d_branch2a_relu","Elementwise","Elementwise","Elementwise",56.,57.2333,79.,"{79., 62., 59., 58., 71., 59., 58., 57., 57., 58., 57., 57., 57., 57., 58., 57., 58., 58., 57., 57., 57., 57., 58., 57., 58., 58., 57., 57., 57., 57., 57., 57., 57., 57., 57., 57., 57., 57., 58., 57., 58., 57., 57., 57., 58., 57., 57., 57., 57., 56.}"
73,73,"3d/res3d_branch2b","3d/res3d_branch2b",0,"3d/res3d_branch2b","Convolution","Convolution","Convolution",1248.,1268.7333,1421.,"{1417., 1287., 1273., 1251., 1249., 1266., 1254., 1332., 1344., 1260., 1250., 1283., 1250., 1250., 1267., 1378., 1298., 1280., 1248., 1252., 1281., 1253., 1250., 1421., 1258., 1261., 1268., 1253., 1260., 1267., 1304., 1342., 1256., 1262., 1265., 1265., 1259., 1265., 1358., 1327., 1257., 1281., 1274., 1251., 1254., 1278., 1391., 1286., 1285., 1259.}"
74,74,"3d/bn3d_branch2b","3d/bn3d_branch2b",0,"3d/bn3d_branch2b","BatchNormalization","BatchNormalization","BatchNormalization",65.,66.4333,93.,"{93., 75., 70., 69., 69., 69., 68., 67., 68., 67., 67., 67., 67., 66., 66., 66., 67., 68., 67., 67., 66., 67., 66., 66., 66., 66., 66., 66., 66., 67., 66., 66., 66., 67., 66., 67., 66., 66., 66., 66., 66., 65., 66., 66., 66., 66., 66., 78., 67., 66.}"
75,75,"3d/res3d_branch2b_relu","3d/res3d_branch2b_relu",0,"3d/res3d_branch2b_relu","Elementwise","Elementwise","Elementwise",57.,58.400000000000006,83.,"{83., 64., 62., 60., 59., 59., 60., 59., 59., 59., 59., 59., 58., 58., 58., 58., 58., 58., 60., 59., 58., 59., 69., 61., 59., 58., 58., 59., 59., 58., 58., 58., 57., 58., 59., 58., 58., 57., 57., 58., 58., 59., 58., 58., 58., 58., 57., 58., 58., 57.}"
76,76,"3d/res3d_branch2c","3d/res3d_branch2c",0,"3d/res3d_branch2c","Convolution","Convolution","Convolution",195.,196.8,276.,"{276., 205., 198., 198., 197., 197., 199., 196., 197., 196., 197., 196., 196., 211., 199., 196., 198., 197., 197., 195., 196., 196., 196., 197., 197., 196., 196., 196., 199., 196., 195., 196., 196., 198., 197., 195., 196., 196., 195., 236., 221., 221., 220., 230., 207., 196., 197., 196., 196., 196.}"
77,77,"3d/bn3d_branch2c","3d/bn3d_branch2c",0,"3d/bn3d_branch2c","BatchNormalization","BatchNormalization","BatchNormalization",169.,170.4,218.,"{218., 210., 173., 171., 171., 171., 171., 170., 179., 172., 171., 171., 171., 170., 170., 170., 171., 170., 171., 170., 170., 170., 171., 170., 171., 170., 170., 171., 170., 170., 183., 171., 171., 170., 171., 170., 170., 180., 170., 170., 170., 170., 170., 170., 169., 170., 170., 170., 170., 170.}"
78,78,"3d/res3d","3d/res3d",0,"3d/res3d","Total","Total","Total",255.,256.43330000000003,319.,"{319., 291., 283., 261., 256., 257., 257., 257., 256., 257., 256., 256., 257., 257., 256., 257., 256., 273., 257., 256., 257., 256., 256., 255., 257., 256., 256., 256., 257., 267., 256., 256., 270., 258., 256., 256., 257., 256., 256., 255., 257., 256., 256., 256., 256., 256., 255., 267., 257., 256.}"
79,79,"3d/res3d_relu","3d/res3d_relu",0,"3d/res3d_relu","Elementwise","Elementwise","Elementwise",157.,157.8,211.,"{211., 179., 160., 158., 170., 160., 158., 158., 158., 158., 158., 158., 157., 158., 158., 158., 158., 158., 157., 157., 157., 158., 157., 157., 157., 157., 157., 157., 170., 159., 158., 157., 157., 158., 157., 158., 158., 158., 157., 157., 158., 158., 158., 158., 158., 159., 158., 159., 158., 157.}"
80,80,"4a/res4a_branch2a","4a/res4a_branch2a",0,"4a/res4a_branch2a","Convolution","Convolution","Convolution",234.,236.10000000000002,341.,"{341., 253., 241., 237., 261., 238., 237., 236., 236., 236., 235., 235., 236., 235., 235., 236., 235., 236., 236., 236., 248., 236., 235., 234., 235., 271., 263., 263., 262., 272., 236., 236., 236., 236., 236., 250., 236., 236., 236., 235., 236., 236., 235., 235., 234., 235., 235., 235., 236., 235.}"
83,83,"4a/res4a_branch2b","4a/res4a_branch2b",0,"4a/res4a_branch2b","Convolution","Convolution","Convolution",802.,808.7333,970.,"{917., 970., 854., 806., 806., 807., 824., 809., 805., 803., 806., 822., 804., 919., 848., 805., 819., 805., 805., 803., 804., 816., 804., 805., 804., 928., 848., 804., 802., 805., 818., 805., 804., 803., 804., 818., 804., 911., 866., 805., 817., 805., 803., 803., 802., 817., 804., 803., 802., 924.}"
84,84,"4a/bn4a_branch2b","4a/bn4a_branch2b",0,"4a/bn4a_branch2b","BatchNormalization","BatchNormalization","BatchNormalization",47.,47.7333,72.,"{72., 53., 49., 49., 48., 48., 48., 48., 48., 47., 48., 48., 47., 48., 48., 48., 58., 49., 47., 47., 47., 48., 48., 48., 47., 48., 48., 48., 47., 48., 48., 48., 47., 48., 48., 47., 47., 47., 47., 47., 48., 48., 47., 47., 47., 47., 47., 48., 48., 48.}"
85,85,"4a/res4a_branch2b_relu","4a/res4a_branch2b_relu",0,"4a/res4a_branch2b_relu","Elementwise","Elementwise","Elementwise",40.,40.7,62.,"{62., 44., 41., 41., 41., 41., 41., 41., 41., 41., 41., 41., 41., 41., 40., 41., 41., 41., 40., 41., 40., 40., 40., 40., 40., 40., 40., 40., 41., 41., 40., 40., 40., 41., 41., 41., 41., 41., 40., 40., 40., 41., 40., 41., 40., 40., 41., 41., 41., 41.}"
86,86,"4a/res4a_branch2c","4a/res4a_branch2c",0,"4a/res4a_branch2c","Convolution","Convolution","Convolution",197.,199.3333,383.,"{383., 239., 245., 227., 217., 200., 199., 198., 198., 198., 200., 199., 198., 198., 199., 198., 198., 198., 198., 197., 198., 212., 200., 198., 198., 199., 199., 199., 207., 198., 197., 198., 198., 198., 198., 198., 198., 198., 197., 199., 224., 201., 199., 198., 198., 197., 235., 224., 222., 223.}"
89,89,"4a/bn4a_branch1","4a/bn4a_branch1",0,"4a/bn4a_branch1","BatchNormalization","BatchNormalization","BatchNormalization",111.,112.2,140.,"{140., 126., 114., 112., 113., 112., 113., 112., 112., 112., 112., 112., 112., 113., 113., 112., 112., 113., 112., 112., 113., 113., 127., 114., 112., 113., 112., 112., 111., 111., 113., 112., 112., 112., 112., 112., 112., 111., 112., 112., 112., 113., 111., 112., 112., 112., 112., 112., 112., 122.}"
90,90,"4a/res4a","4a/res4a",0,"4a/res4a","Total","Total","Total",139.,139.8333,164.,"{164., 142., 142., 140., 140., 140., 140., 139., 139., 139., 140., 140., 140., 140., 140., 140., 151., 140., 140., 139., 139., 140., 139., 139., 140., 140., 140., 139., 139., 140., 139., 140., 139., 139., 140., 139., 140., 140., 147., 139., 139., 140., 153., 140., 141., 140., 140., 140., 140., 140.}"
91,91,"4a/res4a_relu","4a/res4a_relu",0,"4a/res4a_relu","Elementwise","Elementwise","Elementwise",94.,95.4667,116.,"{116., 98., 96., 96., 96., 96., 96., 95., 96., 96., 94., 96., 97., 96., 95., 95., 96., 95., 95., 95., 96., 96., 95., 95., 96., 95., 95., 95., 96., 97., 95., 95., 96., 95., 95., 95., 95., 96., 94., 96., 96., 95., 95., 95., 95., 96., 95., 95., 94., 96.}"
92,92,"4b/res4b_branch2a","4b/res4b_branch2a",0,"4b/res4b_branch2a","Convolution","Convolution","Convolution",226.,227.60000000000002,337.,"{337., 233., 230., 229., 228., 243., 230., 228., 227., 227., 227., 227., 228., 227., 227., 227., 228., 227., 227., 227., 228., 227., 243., 227., 227., 227., 227., 232., 227., 231., 226., 226., 227., 226., 227., 227., 269., 262., 270., 255., 256., 227., 226., 226., 226., 227., 227., 227., 226., 228.}"
93,93,"4b/bn4b_branch2a","4b/bn4b_branch2a",0,"4b/bn4b_branch2a","BatchNormalization","BatchNormalization","BatchNormalization",47.,48.,72.,"{72., 53., 49., 48., 48., 48., 48., 48., 48., 48., 48., 48., 47., 48., 48., 47., 48., 48., 48., 48., 48., 48., 48., 47., 47., 48., 48., 48., 47., 48., 48., 47., 48., 48., 48., 48., 47., 48., 48., 48., 48., 48., 48., 47., 47., 48., 48., 48., 47., 48.}"
94,94,"4b/res4b_branch2a_relu","4b/res4b_branch2a_relu",0,"4b/res4b_branch2a_relu","Elementwise","Elementwise","Elementwise",37.,38.,62.,"{62., 42., 39., 38., 38., 39., 38., 38., 38., 39., 38., 38., 38., 38., 38., 38., 38., 38., 38., 38., 38., 38., 38., 38., 38., 38., 38., 38., 38., 38., 38., 38., 38., 39., 38., 52., 40., 38., 38., 38., 38., 38., 38., 38., 38., 38., 39., 38., 37., 38.}"
95,95,"4b/res4b_branch2b","4b/res4b_branch2b",0,"4b/res4b_branch2b","Convolution","Convolution","Convolution",803.,809.6,937.,"{937., 834., 811., 805., 821., 805., 804., 804., 803., 815., 855., 920., 803., 822., 808., 807., 806., 804., 818., 807., 804., 805., 858., 924., 808., 806., 807., 806., 819., 805., 807., 806., 806., 813., 857., 916., 807., 818., 807., 805., 804., 806., 819., 806., 806., 805., 857., 932., 805., 806.}"
96,96,"4b/bn4b_branch2b","4b/bn4b_branch2b",0,"4b/bn4b_branch2b","BatchNormalization","BatchNormalization","BatchNormalization",47.,48.400000000000006,71.,"{71., 53., 50., 48., 49., 48., 48., 48., 47., 48., 49., 49., 49., 48., 48., 48., 48., 48., 49., 49., 49., 49., 48., 48., 49., 48., 48., 49., 48., 48., 49., 49., 48., 49., 48., 48., 48., 49., 49., 49., 48., 48., 48., 49., 48., 48., 49., 48., 48., 63.}"
97,97,"4b/res4b_branch2b_relu","4b/res4b_branch2b_relu",0,"4b/res4b_branch2b_relu","Elementwise","Elementwise","Elementwise",38.,39.4333,63.,"{63., 46., 41., 41., 41., 41., 41., 41., 40., 41., 41., 41., 41., 41., 41., 41., 52., 40., 38., 38., 38., 38., 39., 39., 39., 38., 38., 38., 39., 39., 39., 39., 39., 39., 38., 39., 38., 38., 38., 39., 39., 39., 39., 39., 38., 40., 39., 39., 39., 39.}"
98,98,"4b/res4b_branch2c","4b/res4b_branch2c",0,"4b/res4b_branch2c","Convolution","Convolution","Convolution",201.,203.3667,285.,"{285., 214., 206., 203., 203., 203., 203., 202., 203., 203., 223., 205., 203., 203., 202., 203., 203., 202., 202., 203., 202., 202., 202., 201., 202., 202., 202., 201., 202., 218., 203., 202., 202., 202., 202., 239., 229., 228., 227., 229., 213., 202., 202., 202., 202., 210., 202., 216., 204., 203.}"
99,99,"4b/bn4b_branch2c","4b/bn4b_branch2c",0,"4b/bn4b_branch2c","BatchNormalization","BatchNormalization","BatchNormalization",111.,112.4,144.,"{144., 123., 115., 113., 113., 112., 113., 113., 113., 112., 113., 113., 113., 126., 114., 113., 112., 112., 112., 112., 113., 112., 112., 112., 124., 112., 113., 112., 112., 112., 112., 112., 112., 113., 112., 112., 112., 112., 112., 112., 112., 112., 112., 111., 113., 112., 126., 114., 113., 112.}"
100,100,"4b/res4b","4b/res4b",0,"4b/res4b","Total","Total","Total",139.,139.4667,161.,"{161., 144., 140., 140., 139., 139., 141., 141., 140., 139., 139., 140., 139., 141., 140., 140., 139., 139., 154., 140., 141., 139., 140., 140., 140., 139., 139., 140., 139., 140., 139., 139., 139., 139., 139., 139., 139., 139., 139., 139., 140., 139., 139., 139., 139., 152., 140., 140., 140., 139.}"
101,101,"4b/res4b_relu","4b/res4b_relu",0,"4b/res4b_relu","Elementwise","Elementwise","Elementwise",94.,94.86670000000001,115.,"{115., 98., 96., 96., 96., 95., 96., 95., 95., 108., 95., 95., 95., 95., 96., 95., 95., 95., 95., 94., 95., 95., 95., 95., 95., 95., 95., 94., 95., 95., 94., 94., 94., 94., 95., 95., 95., 95., 94., 95., 94., 95., 94., 94., 94., 94., 94., 94., 95., 95.}"
102,102,"4c/res4c_branch2a","4c/res4c_branch2a",0,"4c/res4c_branch2a","Convolution","Convolution","Convolution",226.,228.26670000000001,320.,"{320., 252., 237., 229., 228., 228., 228., 227., 228., 229., 227., 228., 227., 228., 227., 229., 227., 236., 230., 228., 229., 227., 232., 235., 228., 228., 226., 227., 227., 227., 227., 258., 255., 255., 274., 271., 228., 228., 227., 228., 227., 228., 228., 230., 229., 227., 228., 228., 228., 227.}"
103,103,"4c/bn4c_branch2a","4c/bn4c_branch2a",0,"4c/bn4c_branch2a","BatchNormalization","BatchNormalization","BatchNormalization",47.,47.6,71.,"{71., 52., 49., 48., 47., 48., 47., 48., 47., 48., 48., 47., 47., 47., 47., 48., 48., 48., 48., 48., 48., 47., 47., 48., 47., 48., 47., 47., 47., 47., 47., 48., 48., 48., 48., 48., 48., 47., 47., 47., 48., 48., 47., 48., 47., 47., 56., 48., 48., 47.}"
104,104,"4c/res4c_branch2a_relu","4c/res4c_branch2a_relu",0,"4c/res4c_branch2a_relu","Elementwise","Elementwise","Elementwise",40.,41.,62.,"{62., 45., 42., 42., 42., 42., 41., 41., 41., 41., 40., 41., 41., 40., 41., 41., 41., 40., 41., 41., 41., 41., 40., 41., 41., 41., 40., 41., 41., 41., 40., 41., 42., 41., 41., 41., 41., 41., 41., 41., 41., 40., 41., 41., 41., 41., 41., 41., 42., 41.}"
105,105,"4c/res4c_branch2b","4c/res4c_branch2b",0,"4c/res4c_branch2b","Convolution","Convolution","Convolution",802.,810.1333000000001,971.,"{971., 880., 807., 821., 805., 802., 803., 803., 815., 804., 805., 804., 914., 876., 807., 807., 807., 818., 808., 808., 807., 806., 822., 807., 911., 860., 808., 819., 808., 808., 807., 806., 816., 805., 806., 807., 920., 871., 807., 806., 807., 819., 807., 807., 808., 807., 817., 806., 910., 868.}"
106,106,"4c/bn4c_branch2b","4c/bn4c_branch2b",0,"4c/bn4c_branch2b","BatchNormalization","BatchNormalization","BatchNormalization",48.,48.300000000000004,71.,"{71., 54., 49., 50., 49., 48., 49., 48., 49., 49., 49., 49., 49., 48., 49., 48., 49., 48., 48., 48., 48., 48., 48., 48., 49., 48., 48., 48., 48., 48., 48., 48., 48., 49., 49., 49., 48., 49., 49., 48., 48., 48., 48., 48., 48., 48., 48., 48., 48., 48.}"
107,107,"4c/res4c_branch2b_relu","4c/res4c_branch2b_relu",0,"4c/res4c_branch2b_relu","Elementwise","Elementwise","Elementwise",40.,40.9,60.,"{60., 45., 42., 40., 41., 41., 40., 41., 41., 40., 41., 41., 41., 41., 41., 41., 41., 41., 41., 40., 40., 41., 40., 41., 41., 41., 40., 40., 41., 41., 41., 41., 41., 41., 41., 40., 40., 40., 40., 40., 41., 41., 42., 41., 41., 41., 41., 41., 41., 51.}"
108,108,"4c/res4c_branch2c","4c/res4c_branch2c",0,"4c/res4c_branch2c","Convolution","Convolution","Convolution",201.,202.26670000000001,285.,"{285., 222., 234., 230., 246., 229., 221., 202., 202., 202., 202., 203., 202., 204., 202., 202., 203., 202., 202., 202., 202., 202., 201., 214., 204., 202., 203., 201., 202., 202., 202., 201., 202., 202., 202., 201., 202., 202., 201., 201., 202., 201., 203., 202., 201., 202., 202., 201., 247., 229.}"
109,109,"4c/bn4c_branch2c","4c/bn4c_branch2c",0,"4c/bn4c_branch2c","BatchNormalization","BatchNormalization","BatchNormalization",112.,113.1333,141.,"{141., 125., 115., 114., 114., 114., 113., 112., 114., 113., 113., 113., 114., 113., 130., 114., 113., 113., 113., 114., 113., 112., 113., 113., 113., 123., 114., 113., 113., 112., 112., 113., 113., 113., 113., 113., 113., 112., 113., 112., 112., 113., 113., 113., 112., 113., 113., 120., 113., 113.}"
110,110,"4c/res4c","4c/res4c",0,"4c/res4c","Total","Total","Total",138.,140.5667,161.,"{161., 146., 154., 143., 141., 142., 140., 141., 141., 140., 141., 141., 140., 141., 141., 142., 140., 141., 140., 141., 140., 142., 141., 141., 141., 140., 140., 141., 141., 154., 139., 139., 139., 139., 139., 140., 139., 138., 139., 139., 161., 143., 142., 140., 141., 140., 140., 140., 140., 140.}"
111,111,"4c/res4c_relu","4c/res4c_relu",0,"4c/res4c_relu","Elementwise","Elementwise","Elementwise",94.,94.9333,116.,"{116., 101., 95., 96., 94., 95., 95., 95., 94., 95., 95., 94., 95., 95., 95., 95., 94., 94., 95., 95., 94., 94., 95., 94., 94., 95., 94., 95., 95., 95., 95., 95., 103., 97., 95., 95., 95., 95., 95., 95., 94., 95., 94., 95., 95., 95., 95., 95., 95., 95.}"
112,112,"4d/res4d_branch2a","4d/res4d_branch2a",0,"4d/res4d_branch2a","Convolution","Convolution","Convolution",226.,230.9667,326.,"{326., 279., 260., 272., 257., 261., 230., 229., 228., 228., 228., 229., 228., 229., 228., 229., 232., 229., 227., 228., 242., 230., 228., 233., 234., 241., 227., 227., 229., 228., 228., 227., 228., 228., 228., 227., 240., 229., 227., 227., 227., 226., 269., 254., 254., 255., 260., 227., 227., 227.}"
113,113,"4d/bn4d_branch2a","4d/bn4d_branch2a",0,"4d/bn4d_branch2a","BatchNormalization","BatchNormalization","BatchNormalization",47.,47.6667,72.,"{72., 53., 49., 48., 48., 48., 48., 48., 47., 48., 48., 48., 48., 47., 48., 48., 48., 48., 48., 58., 49., 48., 48., 48., 48., 47., 47., 47., 47., 47., 47., 47., 47., 47., 48., 47., 47., 47., 48., 47., 47., 47., 48., 56., 54., 48., 48., 47., 47., 47.}"
114,114,"4d/res4d_branch2a_relu","4d/res4d_branch2a_relu",0,"4d/res4d_branch2a_relu","Elementwise","Elementwise","Elementwise",40.,41.,62.,"{62., 45., 42., 41., 41., 41., 42., 41., 40., 41., 41., 41., 41., 41., 41., 40., 41., 40., 41., 41., 41., 41., 41., 41., 41., 40., 40., 40., 41., 41., 41., 41., 41., 41., 41., 41., 40., 41., 41., 40., 40., 41., 41., 41., 41., 41., 41., 41., 41., 41.}"
115,115,"4d/res4d_branch2b","4d/res4d_branch2b",0,"4d/res4d_branch2b","Convolution","Convolution","Convolution",802.,810.0667000000001,935.,"{886., 823., 810., 806., 820., 854., 923., 805., 822., 811., 805., 806., 803., 819., 804., 804., 805., 854., 935., 806., 803., 802., 803., 821., 806., 808., 806., 806., 818., 860., 923., 807., 819., 808., 807., 806., 806., 817., 807., 806., 806., 857., 923., 807., 806., 805., 805., 816., 806., 808.}"
116,116,"4d/bn4d_branch2b","4d/bn4d_branch2b",0,"4d/bn4d_branch2b","BatchNormalization","BatchNormalization","BatchNormalization",47.,48.066700000000004,70.,"{70., 53., 49., 48., 49., 49., 48., 48., 49., 48., 48., 48., 49., 49., 48., 48., 48., 48., 48., 48., 48., 48., 48., 48., 48., 47., 48., 62., 50., 48., 49., 48., 48., 47., 48., 48., 48., 48., 47., 48., 48., 48., 48., 48., 48., 48., 47., 48., 48., 49.}"
117,117,"4d/res4d_branch2b_relu","4d/res4d_branch2b_relu",0,"4d/res4d_branch2b_relu","Elementwise","Elementwise","Elementwise",40.,41.,60.,"{60., 45., 42., 41., 42., 41., 41., 40., 41., 40., 41., 41., 41., 41., 41., 41., 41., 41., 41., 40., 41., 41., 41., 40., 41., 42., 41., 41., 41., 41., 40., 41., 41., 41., 41., 41., 41., 40., 41., 40., 41., 41., 41., 41., 41., 41., 51., 42., 41., 41.}"
118,118,"4d/res4d_branch2c","4d/res4d_branch2c",0,"4d/res4d_branch2c","Convolution","Convolution","Convolution",201.,203.70000000000002,274.,"{274., 214., 206., 204., 203., 203., 203., 203., 202., 203., 202., 218., 205., 202., 203., 208., 203., 201., 202., 202., 202., 201., 202., 202., 202., 203., 202., 201., 202., 202., 219., 204., 202., 202., 211., 225., 253., 228., 241., 228., 236., 203., 202., 202., 203., 201., 202., 217., 204., 203.}"
119,119,"4d/bn4d_branch2c","4d/bn4d_branch2c",0,"4d/bn4d_branch2c","BatchNormalization","BatchNormalization","BatchNormalization",112.,112.7667,142.,"{142., 126., 115., 113., 128., 115., 113., 113., 113., 113., 113., 113., 113., 113., 113., 113., 112., 113., 112., 113., 112., 113., 113., 112., 112., 113., 113., 113., 112., 113., 113., 113., 113., 113., 112., 113., 113., 129., 113., 113., 112., 112., 112., 112., 112., 112., 112., 112., 112., 112.}"
120,120,"4d/res4d","4d/res4d",0,"4d/res4d","Total","Total","Total",139.,140.66670000000002,163.,"{163., 144., 140., 139., 154., 141., 140., 140., 140., 140., 140., 140., 140., 140., 140., 140., 140., 139., 139., 140., 140., 140., 139., 140., 139., 139., 140., 140., 140., 139., 155., 142., 141., 141., 142., 142., 142., 142., 141., 141., 142., 141., 141., 142., 142., 142., 142., 141., 142., 142.}"
121,121,"4d/res4d_relu","4d/res4d_relu",0,"4d/res4d_relu","Elementwise","Elementwise","Elementwise",95.,95.6667,116.,"{116., 100., 97., 97., 97., 97., 96., 97., 95., 96., 96., 95., 95., 111., 96., 96., 95., 95., 95., 95., 95., 96., 95., 96., 96., 103., 96., 95., 95., 96., 96., 96., 95., 95., 96., 96., 95., 96., 95., 95., 95., 95., 96., 96., 96., 95., 96., 95., 96., 96.}"
122,122,"4e/res4e_branch2a","4e/res4e_branch2a",0,"4e/res4e_branch2a","Convolution","Convolution","Convolution",226.,228.5,323.,"{323., 237., 232., 230., 229., 230., 229., 228., 229., 228., 229., 228., 228., 229., 227., 245., 230., 229., 227., 228., 227., 227., 228., 228., 228., 228., 227., 227., 227., 274., 258., 271., 257., 242., 228., 229., 227., 228., 235., 228., 228., 227., 228., 226., 228., 228., 226., 227., 242., 228.}"
123,123,"4e/bn4e_branch2a","4e/bn4e_branch2a",0,"4e/bn4e_branch2a","BatchNormalization","BatchNormalization","BatchNormalization",47.,48.,71.,"{71., 53., 50., 49., 49., 49., 48., 49., 48., 48., 48., 48., 48., 48., 48., 48., 48., 48., 48., 48., 48., 48., 48., 48., 48., 48., 59., 49., 48., 48., 48., 48., 48., 48., 47., 48., 48., 48., 48., 47., 47., 48., 47., 47., 47., 48., 48., 47., 48., 48.}"
124,124,"4e/res4e_branch2a_relu","4e/res4e_branch2a_relu",0,"4e/res4e_branch2a_relu","Elementwise","Elementwise","Elementwise",40.,41.,62.,"{62., 45., 42., 42., 42., 42., 53., 43., 41., 41., 42., 41., 41., 41., 41., 41., 41., 41., 41., 41., 41., 41., 41., 40., 41., 41., 41., 41., 41., 41., 40., 41., 42., 41., 41., 41., 41., 41., 41., 41., 41., 41., 41., 41., 41., 41., 41., 41., 41., 40.}"
125,125,"4e/res4e_branch2b","4e/res4e_branch2b",0,"4e/res4e_branch2b","Convolution","Convolution","Convolution",801.,808.4667000000001,916.,"{907., 828., 837., 807., 896., 871., 803., 817., 802., 803., 801., 802., 817., 804., 817., 807., 891., 891., 804., 803., 803., 815., 803., 803., 801., 802., 816., 804., 880., 878., 804., 818., 804., 803., 802., 803., 815., 803., 802., 802., 876., 916., 806., 805., 806., 809., 815., 805., 805., 805.}"
126,126,"4e/bn4e_branch2b","4e/bn4e_branch2b",0,"4e/bn4e_branch2b","BatchNormalization","BatchNormalization","BatchNormalization",47.,48.,70.,"{70., 53., 50., 48., 49., 48., 48., 48., 48., 48., 48., 48., 48., 47., 48., 48., 47., 48., 48., 48., 48., 48., 48., 48., 47., 48., 48., 48., 48., 48., 47., 48., 48., 56., 49., 48., 48., 48., 48., 48., 48., 48., 48., 47., 48., 48., 48., 47., 47., 48.}"
127,127,"4e/res4e_branch2b_relu","4e/res4e_branch2b_relu",0,"4e/res4e_branch2b_relu","Elementwise","Elementwise","Elementwise",40.,40.6667,60.,"{60., 45., 54., 42., 41., 41., 41., 40., 40., 40., 40., 40., 41., 40., 40., 41., 40., 40., 40., 40., 41., 41., 40., 40., 40., 40., 41., 40., 40., 49., 42., 41., 41., 41., 40., 41., 41., 41., 41., 41., 41., 41., 41., 40., 41., 41., 41., 41., 41., 40.}"
128,128,"4e/res4e_branch2c","4e/res4e_branch2c",0,"4e/res4e_branch2c","Convolution","Convolution","Convolution",201.,202.3,281.,"{281., 212., 204., 203., 203., 203., 203., 206., 202., 202., 203., 202., 203., 203., 203., 202., 202., 202., 202., 201., 202., 202., 201., 202., 202., 216., 203., 201., 202., 202., 202., 201., 202., 201., 202., 201., 201., 201., 202., 202., 201., 242., 228., 228., 244., 239., 202., 202., 202., 202.}"
129,129,"4e/bn4e_branch2c","4e/bn4e_branch2c",0,"4e/bn4e_branch2c","BatchNormalization","BatchNormalization","BatchNormalization",111.,112.06670000000001,142.,"{142., 126., 114., 113., 112., 113., 112., 113., 129., 113., 112., 112., 112., 112., 112., 112., 112., 112., 112., 112., 112., 113., 112., 112., 112., 112., 112., 112., 112., 112., 112., 112., 111., 112., 112., 112., 112., 112., 112., 112., 111., 124., 113., 112., 113., 112., 112., 111., 112., 111.}"
130,130,"4e/res4e","4e/res4e",0,"4e/res4e","Total","Total","Total",139.,139.4333,162.,"{162., 144., 142., 140., 141., 140., 139., 140., 140., 140., 140., 140., 139., 140., 153., 140., 140., 140., 139., 139., 139., 139., 139., 139., 139., 139., 139., 139., 139., 139., 139., 139., 139., 139., 139., 139., 149., 140., 140., 139., 139., 154., 141., 139., 140., 140., 139., 139., 139., 139.}"
131,131,"4e/res4e_relu","4e/res4e_relu",0,"4e/res4e_relu","Elementwise","Elementwise","Elementwise",94.,95.1333,122.,"{115., 97., 97., 95., 95., 95., 95., 100., 96., 95., 122., 118., 97., 98., 95., 96., 95., 95., 95., 95., 95., 94., 95., 95., 97., 95., 96., 95., 95., 95., 95., 95., 95., 94., 95., 95., 95., 95., 95., 95., 95., 95., 95., 110., 95., 95., 95., 96., 95., 95.}"
132,132,"4f/res4f_branch2a","4f/res4f_branch2a",0,"4f/res4f_branch2a","Convolution","Convolution","Convolution",375.,378.70000000000005,485.,"{485., 385., 378., 379., 377., 378., 377., 376., 377., 377., 395., 379., 377., 414., 421., 425., 405., 377., 377., 376., 391., 377., 377., 378., 377., 378., 376., 376., 376., 376., 392., 377., 376., 376., 377., 377., 377., 375., 377., 433., 438., 432., 383., 378., 382., 380., 379., 378., 379., 378.}"
133,133,"4f/bn4f_branch2a","4f/bn4f_branch2a",0,"4f/bn4f_branch2a","BatchNormalization","BatchNormalization","BatchNormalization",65.,65.86670000000001,94.,"{94., 68., 66., 66., 66., 65., 65., 65., 66., 66., 66., 65., 65., 65., 66., 66., 66., 65., 66., 66., 66., 66., 66., 65., 66., 66., 66., 65., 66., 66., 66., 66., 66., 66., 66., 65., 66., 66., 66., 66., 65., 66., 65., 66., 65., 66., 66., 66., 66., 65.}"
134,134,"4f/res4f_branch2a_relu","4f/res4f_branch2a_relu",0,"4f/res4f_branch2a_relu","Elementwise","Elementwise","Elementwise",49.,50.,70.,"{70., 52., 51., 50., 50., 50., 50., 50., 50., 50., 50., 49., 51., 50., 50., 50., 49., 50., 50., 50., 49., 50., 49., 50., 50., 50., 50., 50., 50., 55., 50., 50., 50., 49., 50., 49., 50., 49., 51., 50., 50., 49., 49., 50., 50., 50., 50., 50., 50., 49.}"
135,135,"4f/res4f_branch2b","4f/res4f_branch2b",0,"4f/res4f_branch2b","Convolution","Convolution","Convolution",806.,816.9667000000001,1624.,"{1624., 1269., 830., 815., 812., 907., 898., 808., 826., 812., 825., 809., 806., 807., 808., 824., 808., 949., 865., 812., 825., 811., 809., 808., 822., 808., 809., 809., 840., 928., 843., 807., 808., 810., 825., 810., 807., 807., 808., 823., 860., 925., 820., 884., 813., 810., 808., 811., 821., 809.}"
136,136,"4f/bn4f_branch2b","4f/bn4f_branch2b",0,"4f/bn4f_branch2b","BatchNormalization","BatchNormalization","BatchNormalization",65.,66.,95.,"{95., 69., 67., 66., 66., 66., 66., 66., 66., 66., 66., 66., 66., 66., 65., 66., 65., 66., 66., 66., 66., 66., 66., 65., 66., 66., 66., 66., 66., 66., 66., 66., 66., 66., 66., 66., 65., 65., 65., 66., 66., 66., 82., 66., 66., 66., 66., 65., 66., 65.}"
137,137,"4f/res4f_branch2b_relu","4f/res4f_branch2b_relu",0,"4f/res4f_branch2b_relu","Elementwise","Elementwise","Elementwise",49.,50.,70.,"{70., 52., 50., 51., 50., 50., 50., 50., 50., 50., 49., 50., 50., 50., 49., 50., 50., 51., 50., 50., 50., 50., 50., 50., 50., 50., 50., 50., 49., 63., 51., 49., 50., 50., 51., 50., 50., 50., 50., 50., 50., 50., 50., 50., 50., 49., 50., 50., 50., 51.}"
138,138,"4f/res4f_branch2c","4f/res4f_branch2c",0,"4f/res4f_branch2c","Convolution","Convolution","Convolution",356.,360.,438.,"{438., 380., 364., 359., 359., 360., 359., 357., 359., 359., 360., 371., 359., 360., 358., 403., 401., 401., 382., 358., 358., 357., 374., 361., 359., 358., 361., 361., 357., 359., 358., 357., 358., 372., 358., 358., 358., 358., 357., 358., 359., 358., 408., 408., 402., 360., 357., 357., 356., 359.}"
139,139,"4f/bn4f_branch2c","4f/bn4f_branch2c",0,"4f/bn4f_branch2c","BatchNormalization","BatchNormalization","BatchNormalization",175.,175.4667,207.,"{207., 185., 176., 177., 175., 175., 176., 176., 175., 177., 175., 175., 175., 176., 175., 175., 181., 176., 175., 175., 175., 175., 176., 176., 175., 175., 175., 175., 175., 176., 189., 176., 176., 177., 177., 175., 176., 176., 175., 175., 175., 175., 175., 176., 176., 176., 175., 175., 175., 176.}"
140,140,"4f/res4f","4f/res4f",0,"4f/res4f","Total","Total","Total",194.,195.13330000000002,221.,"{221., 198., 196., 195., 195., 195., 195., 195., 196., 195., 195., 211., 195., 195., 195., 196., 195., 201., 196., 195., 196., 195., 195., 195., 195., 196., 195., 196., 195., 195., 195., 210., 195., 195., 195., 196., 195., 194., 195., 194., 196., 195., 195., 195., 194., 195., 195., 194., 195., 194.}"
141,141,"4f/res4f_relu","4f/res4f_relu",0,"4f/res4f_relu","Elementwise","Elementwise","Elementwise",120.,121.9,146.,"{146., 122., 137., 123., 136., 122., 123., 123., 122., 122., 122., 121., 122., 121., 121., 122., 122., 122., 122., 122., 121., 122., 121., 122., 121., 122., 121., 122., 122., 121., 121., 122., 122., 122., 122., 136., 123., 122., 120., 123., 121., 122., 121., 121., 121., 129., 122., 122., 123., 122.}"
142,142,"5a/res5a_branch2a","5a/res5a_branch2a",0,"5a/res5a_branch2a","Convolution","Convolution","Convolution",400.,402.36670000000004,482.,"{447., 411., 482., 463., 428., 401., 402., 401., 402., 402., 402., 401., 403., 415., 403., 401., 401., 401., 401., 401., 401., 401., 414., 402., 402., 401., 472., 446., 427., 401., 401., 403., 416., 401., 401., 401., 402., 402., 401., 401., 402., 412., 402., 400., 401., 401., 402., 403., 401., 402.}"
145,145,"5a/res5a_branch2b","5a/res5a_branch2b",0,"5a/res5a_branch2b","Convolution","Convolution","Convolution",818.,828.9000000000001,961.,"{955., 856., 876., 923., 821., 836., 822., 819., 819., 822., 835., 819., 818., 820., 888., 928., 820., 823., 818., 837., 825., 823., 823., 822., 838., 823., 918., 897., 827., 836., 825., 823., 837., 827., 836., 825., 821., 821., 961., 860., 821., 823., 821., 837., 833., 831., 823., 821., 836., 876.}"
146,146,"5a/bn5a_branch2b","5a/bn5a_branch2b",0,"5a/bn5a_branch2b","BatchNormalization","BatchNormalization","BatchNormalization",44.,45.,66.,"{66., 48., 45., 45., 45., 45., 45., 45., 45., 45., 45., 45., 46., 45., 45., 44., 45., 45., 45., 45., 45., 45., 45., 45., 45., 45., 45., 45., 45., 45., 46., 45., 45., 45., 45., 44., 44., 45., 45., 45., 46., 45., 45., 44., 44., 44., 44., 45., 45., 45.}"
147,147,"5a/res5a_branch2b_relu","5a/res5a_branch2b_relu",0,"5a/res5a_branch2b_relu","Elementwise","Elementwise","Elementwise",35.,36.,54.,"{54., 38., 37., 37., 36., 36., 36., 36., 36., 36., 36., 36., 36., 35., 36., 36., 36., 36., 36., 36., 36., 36., 36., 36., 36., 36., 36., 36., 36., 36., 36., 36., 36., 36., 36., 35., 36., 36., 37., 36., 36., 36., 36., 36., 36., 36., 36., 36., 36., 36.}"
148,148,"5a/res5a_branch2c","5a/res5a_branch2c",0,"5a/res5a_branch2c","Convolution","Convolution","Convolution",287.,292.8333,376.,"{376., 317., 300., 289., 289., 291., 289., 290., 292., 291., 292., 292., 328., 325., 341., 343., 293., 292., 292., 291., 292., 291., 291., 292., 290., 290., 291., 304., 293., 291., 291., 291., 291., 290., 291., 296., 290., 299., 292., 291., 302., 288., 287., 287., 287., 338., 352., 328., 322., 290.}"
151,151,"5a/bn5a_branch1","5a/bn5a_branch1",0,"5a/bn5a_branch1","BatchNormalization","BatchNormalization","BatchNormalization",96.,97.4667,124.,"{124., 105., 100., 100., 99., 98., 99., 98., 98., 97., 98., 98., 98., 99., 98., 98., 97., 97., 97., 97., 97., 97., 98., 97., 98., 97., 97., 98., 98., 98., 97., 98., 97., 96., 97., 97., 97., 96., 109., 98., 97., 97., 96., 97., 97., 97., 98., 97., 97., 96.}"
152,152,"5a/res5a","5a/res5a",0,"5a/res5a","Total","Total","Total",86.,112.4667,177.,"{112., 92., 88., 87., 88., 87., 87., 86., 87., 86., 87., 86., 86., 86., 86., 86., 86., 96., 141., 123., 121., 122., 117., 118., 117., 117., 135., 121., 117., 118., 118., 118., 120., 124., 177., 124., 123., 124., 122., 124., 125., 123., 124., 122., 124., 123., 126., 125., 116., 113.}"
153,153,"5a/res5a_relu","5a/res5a_relu",0,"5a/res5a_relu","Elementwise","Elementwise","Elementwise",70.,79.0333,151.,"{111., 95., 73., 72., 80., 79., 81., 79., 83., 83., 82., 83., 82., 81., 82., 82., 84., 83., 82., 81., 81., 81., 82., 82., 81., 81., 80., 81., 82., 85., 82., 82., 117., 151., 72., 72., 72., 71., 70., 71., 71., 70., 71., 71., 71., 71., 71., 71., 75., 78.}"
154,154,"5b/res5b_branch2a","5b/res5b_branch2a",0,"5b/res5b_branch2a","Convolution","Convolution","Convolution",383.,545.5667000000001,851.,"{851., 501., 491., 407., 399., 421., 476., 383., 396., 460., 471., 467., 489., 602., 557., 549., 561., 566., 617., 774., 553., 543., 538., 539., 540., 540., 555., 549., 566., 557., 542., 540., 539., 559., 545., 602., 645., 600., 567., 560., 567., 558., 554., 553., 555., 552., 546., 544., 542., 539.}"
155,155,"5b/bn5b_branch2a","5b/bn5b_branch2a",0,"5b/bn5b_branch2a","BatchNormalization","BatchNormalization","BatchNormalization",65.,66.0333,134.,"{103., 68., 67., 66., 66., 74., 66., 66., 72., 66., 66., 66., 69., 67., 66., 66., 66., 66., 66., 66., 66., 67., 66., 66., 66., 66., 66., 66., 66., 66., 66., 66., 65., 66., 66., 67., 66., 66., 66., 66., 66., 134., 67., 66., 66., 66., 65., 66., 66., 66.}"
156,156,"5b/res5b_branch2a_relu","5b/res5b_branch2a_relu",0,"5b/res5b_branch2a_relu","Elementwise","Elementwise","Elementwise",44.,45.,77.,"{77., 49., 47., 45., 46., 45., 46., 45., 55., 45., 45., 44., 45., 45., 47., 45., 45., 45., 45., 45., 44., 45., 45., 45., 45., 45., 46., 45., 45., 45., 45., 45., 45., 45., 45., 44., 45., 45., 45., 45., 45., 44., 45., 45., 45., 45., 44., 45., 45., 45.}"
157,157,"5b/res5b_branch2b","5b/res5b_branch2b",0,"5b/res5b_branch2b","Convolution","Convolution","Convolution",920.,1547.2667000000001,2437.,"{1895., 1704., 1615., 1688., 1718., 1605., 1648., 1654., 1641., 1705., 1799., 1657., 1632., 1643., 1674., 992., 1178., 1005., 980., 1262., 1129., 943., 1035., 1138., 1086., 1212., 1042., 1017., 1166., 944., 920., 1637., 1757., 1751., 1654., 1620., 1736., 1658., 1624., 1781., 1615., 1624., 1610., 1619., 2437., 1700., 1654., 1627., 1632., 1602.}"
158,158,"5b/bn5b_branch2b","5b/bn5b_branch2b",0,"5b/bn5b_branch2b","BatchNormalization","BatchNormalization","BatchNormalization",42.,43.,117.,"{73., 47., 44., 43., 43., 43., 43., 43., 43., 43., 43., 43., 43., 43., 43., 43., 43., 43., 43., 43., 43., 43., 44., 43., 42., 43., 43., 43., 43., 43., 43., 43., 42., 42., 43., 42., 43., 43., 43., 43., 43., 42., 42., 43., 43., 43., 117., 86., 67., 68.}"
159,159,"5b/res5b_branch2b_relu","5b/res5b_branch2b_relu",0,"5b/res5b_branch2b_relu","Elementwise","Elementwise","Elementwise",35.,35.6,70.,"{65., 37., 36., 36., 35., 35., 35., 35., 35., 35., 35., 35., 35., 36., 35., 35., 35., 35., 36., 35., 35., 35., 35., 35., 37., 57., 41., 41., 44., 44., 44., 53., 36., 35., 35., 35., 35., 35., 70., 36., 36., 37., 38., 35., 35., 47., 36., 36., 35., 35.}"
160,160,"5b/res5b_branch2c","5b/res5b_branch2c",0,"5b/res5b_branch2c","Convolution","Convolution","Convolution",578.,590.,790.,"{790., 623., 599., 581., 646., 657., 579., 578., 588., 584., 582., 581., 583., 582., 579., 592., 582., 583., 580., 578., 627., 652., 611., 581., 582., 582., 581., 584., 597., 592., 589., 588., 589., 589., 599., 588., 623., 650., 618., 592., 601., 590., 641., 580., 589., 587., 588., 605., 592., 591.}"
161,161,"5b/bn5b_branch2c","5b/bn5b_branch2c",0,"5b/bn5b_branch2c","BatchNormalization","BatchNormalization","BatchNormalization",123.,150.9,243.,"{173., 130., 125., 124., 123., 124., 124., 124., 124., 125., 124., 124., 124., 123., 124., 124., 129., 156., 171., 157., 155., 155., 156., 156., 155., 156., 155., 169., 156., 156., 155., 156., 155., 156., 155., 155., 157., 155., 155., 243., 162., 157., 231., 199., 173., 170., 171., 170., 172., 173.}"
162,162,"5b/res5b","5b/res5b",0,"5b/res5b","Total","Total","Total",122.,123.4667,265.,"{184., 130., 124., 123., 123., 123., 124., 123., 123., 123., 123., 124., 124., 124., 123., 123., 124., 123., 123., 124., 123., 124., 123., 122., 123., 122., 124., 123., 123., 265., 124., 123., 123., 124., 124., 124., 123., 123., 124., 124., 124., 124., 123., 124., 124., 123., 123., 124., 124., 123.}"
163,163,"5b/res5b_relu","5b/res5b_relu",0,"5b/res5b_relu","Elementwise","Elementwise","Elementwise",48.,49.,73.,"{73., 52., 49., 49., 49., 49., 49., 48., 48., 49., 49., 49., 49., 49., 48., 50., 49., 49., 49., 49., 58., 50., 49., 49., 49., 49., 49., 50., 49., 49., 49., 48., 48., 48., 49., 48., 49., 49., 49., 49., 49., 48., 48., 49., 49., 49., 48., 49., 51., 49.}"
164,164,"5c/res5c_branch2a","5c/res5c_branch2a",0,"5c/res5c_branch2a","Convolution","Convolution","Convolution",569.,577.7333,736.,"{736., 598., 620., 582., 639., 681., 573., 571., 572., 570., 569., 570., 586., 570., 569., 570., 571., 570., 583., 570., 570., 654., 624., 569., 570., 584., 576., 574., 575., 574., 575., 575., 593., 577., 575., 573., 576., 625., 660., 603., 579., 579., 579., 577., 578., 591., 578., 578., 579., 579.}"
165,165,"5c/bn5c_branch2a","5c/bn5c_branch2a",0,"5c/bn5c_branch2a","BatchNormalization","BatchNormalization","BatchNormalization",67.,67.6667,99.,"{99., 70., 68., 68., 67., 68., 67., 68., 73., 68., 68., 68., 68., 68., 67., 68., 68., 78., 69., 67., 68., 67., 67., 67., 68., 68., 67., 68., 67., 67., 68., 68., 68., 68., 67., 67., 67., 67., 68., 67., 67., 67., 68., 68., 67., 68., 67., 68., 68., 67.}"
166,166,"5c/res5c_branch2a_relu","5c/res5c_branch2a_relu",0,"5c/res5c_branch2a_relu","Elementwise","Elementwise","Elementwise",37.,38.533300000000004,61.,"{61., 41., 40., 40., 40., 40., 40., 40., 40., 40., 41., 40., 40., 40., 40., 55., 39., 38., 38., 38., 38., 38., 38., 38., 38., 38., 38., 38., 37., 37., 38., 38., 38., 37., 38., 38., 37., 37., 38., 38., 37., 37., 38., 37., 38., 38., 38., 38., 41., 39.}"
167,167,"5c/res5c_branch2b","5c/res5c_branch2b",0,"5c/res5c_branch2b","Convolution","Convolution","Convolution",820.,1266.1000000000001,1739.,"{1663., 1628., 1686., 1675., 1621., 1612., 1623., 1607., 1665., 1715., 1598., 1617., 1612., 1610., 1671., 1714., 1617., 1604., 1625., 1611., 1640., 1739., 1611., 1625., 1604., 1608., 1080., 880., 941., 824., 838., 826., 826., 822., 820., 833., 828., 820., 820., 902., 905., 824., 821., 822., 834., 821., 828., 823., 821., 833.}"
168,168,"5c/bn5c_branch2b","5c/bn5c_branch2b",0,"5c/bn5c_branch2b","BatchNormalization","BatchNormalization","BatchNormalization",46.,47.,72.,"{72., 52., 48., 47., 48., 48., 47., 47., 47., 47., 47., 47., 47., 47., 47., 47., 47., 47., 47., 47., 47., 47., 47., 47., 47., 47., 47., 47., 47., 47., 47., 46., 47., 47., 47., 47., 47., 47., 48., 47., 47., 47., 47., 47., 47., 47., 47., 47., 47., 47.}"
169,169,"5c/res5c_branch2b_relu","5c/res5c_branch2b_relu",0,"5c/res5c_branch2b_relu","Elementwise","Elementwise","Elementwise",36.,36.7667,53.,"{53., 39., 37., 37., 36., 37., 36., 37., 37., 37., 37., 36., 37., 36., 37., 37., 37., 37., 37., 37., 36., 37., 36., 36., 36., 36., 37., 37., 37., 37., 37., 36., 36., 36., 37., 36., 36., 37., 37., 37., 37., 37., 37., 37., 37., 37., 37., 36., 36., 36.}"
170,170,"5c/res5c_branch2c","5c/res5c_branch2c",0,"5c/res5c_branch2c","Convolution","Convolution","Convolution",293.,346.2,624.,"{388., 308., 299., 299., 298., 296., 301., 294., 294., 310., 295., 293., 294., 342., 329., 328., 323., 294., 295., 294., 301., 312., 294., 293., 293., 294., 296., 297., 297., 296., 347., 416., 404., 443., 331., 296., 305., 571., 538., 548., 575., 624., 608., 551., 549., 549., 548., 548., 558., 553.}"
171,171,"5c/bn5c_branch2c","5c/bn5c_branch2c",0,"5c/bn5c_branch2c","BatchNormalization","BatchNormalization","BatchNormalization",160.,160.9,194.,"{194., 164., 163., 162., 161., 174., 161., 162., 160., 161., 161., 160., 161., 160., 161., 160., 161., 161., 161., 162., 160., 161., 161., 160., 167., 161., 161., 161., 177., 162., 161., 160., 160., 161., 160., 161., 161., 161., 161., 161., 160., 161., 161., 160., 160., 162., 161., 160., 161., 160.}"
172,177,"5c/res5c","prob",5,"5c/res5c-5c/res5c_relu-pool5-flatten_0-fc1000-prob","Total","Softmax","Total-Elementwise-Pooling-Flatten-Linear-Softmax",644.,649.2333,755.,"{721., 666., 648., 649., 647., 755., 707., 648., 646., 647., 647., 659., 648., 649., 649., 646., 648., 646., 659., 644., 737., 697., 646., 660., 650., 647., 646., 646., 646., 647., 656., 648., 647., 647., 648., 742., 702., 647., 646., 648., 650., 652., 650., 649., 648., 647., 649., 648., 663., 648.}"
