"model_name","instance_type","start_index","end_index","sequence_length","num_runs","start_name","end_name","sequence_name","start_layer_kind","end_layer_kind","sequence_layer_kind","start_layer_path_time","mean_path_time","end_layer_path_time","raw_path_time"
"SSD-VGG-512 Trained on MS-COCO Data","g4dn.xlarge",1,9,8,50,"1/1/blockNet4/conv1a/1","1/1/blockNet4/conv2b/2","1/1/blockNet4/conv1a/1-1/1/blockNet4/conv1a/2-1/1/blockNet4/conv1b/1-1/1/blockNet4/conv1b/2-1/1/blockNet4/pool1-1/1/blockNet4/conv2a/1-1/1/blockNet4/conv2a/2-1/1/blockNet4/conv2b/1-1/1/blockNet4/conv2b/2","Convolution","Elementwise","Convolution-Elementwise-Convolution-Elementwise-Pooling-Convolution-Elementwise-Convolution-Elementwise",561280.,563245.3,858713.,"{858713., 563240., 564073., 563534., 563558., 561280., 563200., 563303., 562358., 562275., 562536., 563208., 564666., 562963., 564591., 562863., 563075., 564025., 562743., 562982., 563831., 562739., 563242., 562244., 562659., 562550., 563744., 562745., 564040., 563965., 563067., 563434., 563277., 563242., 565122., 563430., 562665., 563135., 563683., 563194., 563084., 563356., 563696., 561729., 563091., 562927., 566418., 563574., 563633., 563136.}"
"SSD-VGG-512 Trained on MS-COCO Data","g4dn.xlarge",10,18,8,50,"1/1/blockNet4/pool2","1/1/blockNet4/conv4a/1","1/1/blockNet4/pool2-1/1/blockNet4/conv3a/1-1/1/blockNet4/conv3a/2-1/1/blockNet4/conv3b/1-1/1/blockNet4/conv3b/2-1/1/blockNet4/conv3c/1-1/1/blockNet4/conv3c/2-1/1/blockNet4/pool3-1/1/blockNet4/conv4a/1","Pooling","Convolution","Pooling-Convolution-Elementwise-Convolution-Elementwise-Convolution-Elementwise-Pooling-Convolution",345172.,346800.2,464460.,"{464460., 346528., 346625., 347904., 347564., 345172., 347425., 346680., 348089., 347399., 347560., 345581., 346752., 347129., 346300., 346535., 347032., 347379., 346292., 346762., 346781., 347451., 345499., 346636., 347005., 346518., 347092., 345873., 347184., 346565., 347276., 345527., 347297., 345303., 347426., 347117., 347609., 347012., 346985., 345569., 346024., 347314., 347380., 346489., 346604., 345273., 346076., 345339., 346637., 345856.}"
"SSD-VGG-512 Trained on MS-COCO Data","g4dn.xlarge",19,27,8,50,"1/1/blockNet4/conv4a/2","1/1/blockNet7/conv5b/1","1/1/blockNet4/conv4a/2-1/1/blockNet4/conv4b/1-1/1/blockNet4/conv4b/2-1/1/blockNet4/conv4c/1-1/1/blockNet4/conv4c/2-1/1/blockNet7/pool4-1/1/blockNet7/conv5a/1-1/1/blockNet7/conv5a/2-1/1/blockNet7/conv5b/1","Elementwise","Convolution","Elementwise-Convolution-Elementwise-Convolution-Elementwise-Pooling-Convolution-Elementwise-Convolution",209420.,210107.6,251958.,"{251958., 210102., 211938., 210992., 210111., 210731., 210285., 210240., 210663., 210441., 209915., 209674., 210123., 210281., 209850., 209959., 210031., 210263., 210431., 209969., 209839., 210338., 210165., 210073., 210218., 209912., 210153., 210267., 209633., 209820., 209857., 209775., 210416., 209737., 209725., 209914., 210758., 210385., 210245., 210204., 209420., 210163., 210231., 210084., 209867., 209925., 210052., 210187., 209849., 210094.}"
"SSD-VGG-512 Trained on MS-COCO Data","g4dn.xlarge",28,36,8,50,"1/1/blockNet7/conv5b/2","1/1/blockNet8/conv8a/1","1/1/blockNet7/conv5b/2-1/1/blockNet7/conv5c/1-1/1/blockNet7/conv5c/2-1/1/blockNet7/pool5-1/1/blockNet7/conv6/1-1/1/blockNet7/conv6/2-1/1/blockNet7/conv7/1-1/1/blockNet7/conv7/2-1/1/blockNet8/conv8a/1","Elementwise","Convolution","Elementwise-Convolution-Elementwise-Pooling-Convolution-Elementwise-Convolution-Elementwise-Convolution",68527.,68983.6,80759.,"{80759., 68823., 68943., 69287., 68604., 68926., 68714., 68914., 69353., 69471., 69158., 68986., 68852., 69153., 68640., 69872., 69884., 69142., 69178., 69201., 68711., 69123., 68842., 69192., 68845., 69132., 69547., 68527., 68928., 68756., 68665., 68882., 69194., 69156., 69084., 68899., 68604., 69087., 68798., 68744., 68813., 68758., 69025., 68782., 69155., 69091., 69019., 69303., 68588., 68822.}"
"SSD-VGG-512 Trained on MS-COCO Data","g4dn.xlarge",37,45,8,50,"1/1/blockNet8/conv8a/2","1/1/multiboxLayer4/multiboxClasses/2","1/1/blockNet8/conv8a/2-1/1/blockNet8/conv8b/1-1/1/blockNet8/conv8b/2-1/1/blockNet9/conv9a/1-1/1/blockNet9/conv9a/2-1/1/blockNet9/conv9b/1-1/1/blockNet9/conv9b/2-1/1/multiboxLayer4/multiboxClasses/1-1/1/multiboxLayer4/multiboxClasses/2","Elementwise","Reshape","Elementwise-Convolution-Elementwise-Convolution-Elementwise-Convolution-Elementwise-Convolution-Reshape",4019.,4161.5333,4629.,"{4629., 4151., 4036., 4356., 4087., 4399., 4052., 4239., 4174., 4044., 4518., 4019., 4352., 4040., 4086., 4246., 4021., 4352., 4045., 4323., 4076., 4054., 4352., 4045., 4331., 4100., 4138., 4209., 4020., 4342., 4021., 4341., 4069., 4047., 4341., 4035., 4331., 4082., 4157., 4182., 4020., 4422., 4034., 4325., 4099., 4053., 4336., 4038., 4333., 4091.}"
"SSD-VGG-512 Trained on MS-COCO Data","g4dn.xlarge",46,46,0,50,"1/1/multiboxLayer4/multiboxClasses/3","1/1/multiboxLayer4/multiboxClasses/3","1/1/multiboxLayer4/multiboxClasses/3","Softmax","Softmax","Softmax",1400.,1410.8333,1449.,"{1443., 1419., 1403., 1401., 1444., 1436., 1401., 1408., 1401., 1400., 1416., 1436., 1445., 1401., 1401., 1407., 1400., 1401., 1436., 1440., 1401., 1412., 1428., 1402., 1412., 1431., 1447., 1400., 1401., 1407., 1400., 1401., 1435., 1443., 1400., 1410., 1402., 1400., 1409., 1426., 1444., 1406., 1401., 1408., 1400., 1400., 1432., 1449., 1400., 1407.}"
"SSD-VGG-512 Trained on MS-COCO Data","g4dn.xlarge",47,47,0,50,"1/1/multiboxLayer4/multiboxClasses/4","1/1/multiboxLayer4/multiboxClasses/4","1/1/multiboxLayer4/multiboxClasses/4","Part","Part","Part",32.,33.1667,73.,"{73., 36., 34., 33., 33., 32., 33., 33., 33., 33., 33., 33., 33., 33., 32., 33., 33., 33., 33., 33., 33., 34., 33., 33., 34., 33., 33., 33., 33., 33., 33., 33., 33., 33., 33., 33., 33., 33., 33., 60., 35., 35., 35., 34., 34., 34., 34., 35., 35., 33.}"
"SSD-VGG-512 Trained on MS-COCO Data","g4dn.xlarge",48,48,0,50,"1/1/multiboxLayer4/multiboxLocs/convloc/1","1/1/multiboxLayer4/multiboxLocs/convloc/1","1/1/multiboxLayer4/multiboxLocs/convloc/1","Convolution","Convolution","Convolution",216.,219.0333,330.,"{330., 228., 223., 237., 223., 220., 219., 218., 217., 219., 219., 220., 220., 220., 218., 219., 220., 220., 219., 220., 219., 241., 288., 290., 287., 286., 256., 218., 218., 218., 216., 216., 216., 217., 217., 216., 218., 229., 221., 218., 222., 217., 217., 216., 217., 217., 217., 217., 217., 217.}"
"SSD-VGG-512 Trained on MS-COCO Data","g4dn.xlarge",49,49,0,50,"1/1/multiboxLayer4/multiboxLocs/reshape","1/1/multiboxLayer4/multiboxLocs/reshape","1/1/multiboxLayer4/multiboxLocs/reshape","Reshape","Reshape","Reshape",17.,18.7333,51.,"{51., 21., 19., 19., 18., 18., 18., 18., 17., 18., 18., 18., 17., 18., 18., 18., 18., 18., 18., 18., 18., 18., 18., 18., 17., 18., 18., 18., 18., 19., 20., 20., 20., 20., 20., 20., 19., 20., 20., 20., 20., 20., 20., 20., 20., 19., 30., 19., 19., 19.}"
"SSD-VGG-512 Trained on MS-COCO Data","g4dn.xlarge",50,58,8,50,"1/1/blockNet10/conv10a/1","1/1/blockNet12/conv12a/1","1/1/blockNet10/conv10a/1-1/1/blockNet10/conv10a/2-1/1/blockNet10/conv10b/1-1/1/blockNet10/conv10b/2-1/1/blockNet11/conv11a/1-1/1/blockNet11/conv11a/2-1/1/blockNet11/conv11b/1-1/1/blockNet11/conv11b/2-1/1/blockNet12/conv12a/1","Convolution","Convolution","Convolution-Elementwise-Convolution-Elementwise-Convolution-Elementwise-Convolution-Elementwise-Convolution",277.,284.3333,454.,"{454., 295., 284., 281., 282., 312., 288., 282., 282., 281., 281., 279., 282., 354., 358., 356., 354., 282., 300., 282., 281., 280., 280., 279., 281., 281., 281., 279., 309., 280., 280., 297., 281., 280., 280., 279., 278., 277., 278., 287., 278., 280., 277., 278., 279., 291., 334., 356., 355., 358.}"
"SSD-VGG-512 Trained on MS-COCO Data","g4dn.xlarge",59,59,0,50,"1/1/blockNet12/conv12a/2","1/1/blockNet12/conv12a/2","1/1/blockNet12/conv12a/2","Elementwise","Elementwise","Elementwise",18.,19.,33.,"{33., 21., 20., 19., 19., 19., 19., 19., 19., 19., 19., 19., 19., 19., 19., 19., 19., 19., 18., 19., 19., 19., 19., 18., 19., 19., 19., 18., 19., 19., 19., 19., 19., 18., 19., 19., 19., 19., 19., 18., 18., 19., 19., 19., 18., 19., 19., 19., 19., 19.}"
"SSD-VGG-512 Trained on MS-COCO Data","g4dn.xlarge",60,60,0,50,"1/1/blockNet12/conv12b/1","1/1/blockNet12/conv12b/1","1/1/blockNet12/conv12b/1","Convolution","Convolution","Convolution",79.,80.5667,171.,"{171., 117., 102., 100., 100., 94., 83., 80., 79., 80., 94., 83., 80., 80., 81., 80., 80., 80., 80., 80., 80., 81., 80., 81., 80., 81., 79., 80., 80., 80., 79., 80., 80., 80., 81., 81., 80., 81., 81., 81., 80., 82., 80., 82., 81., 84., 81., 80., 81., 81.}"
"SSD-VGG-512 Trained on MS-COCO Data","g4dn.xlarge",61,61,0,50,"1/1/blockNet12/conv12b/2","1/1/blockNet12/conv12b/2","1/1/blockNet12/conv12b/2","Elementwise","Elementwise","Elementwise",16.,17.,30.,"{30., 19., 18., 17., 17., 17., 16., 17., 17., 17., 17., 17., 17., 17., 17., 17., 16., 17., 17., 17., 16., 17., 17., 17., 17., 17., 17., 17., 17., 17., 16., 17., 17., 17., 17., 17., 17., 17., 16., 17., 17., 17., 17., 17., 17., 17., 17., 17., 17., 17.}"
"SSD-VGG-512 Trained on MS-COCO Data","g4dn.xlarge",62,62,0,50,"1/1/multiboxLayer7/multiboxLocs/convloc/1","1/1/multiboxLayer7/multiboxLocs/convloc/1","1/1/multiboxLayer7/multiboxLocs/convloc/1","Convolution","Convolution","Convolution",34.,35.,63.,"{63., 40., 36., 35., 35., 35., 35., 36., 35., 35., 35., 35., 35., 35., 35., 35., 35., 35., 35., 35., 34., 35., 35., 35., 44., 34., 35., 35., 34., 34., 35., 35., 35., 34., 35., 34., 35., 35., 35., 35., 35., 35., 35., 34., 34., 34., 35., 35., 35., 35.}"
"SSD-VGG-512 Trained on MS-COCO Data","g4dn.xlarge",63,63,0,50,"1/1/multiboxLayer7/multiboxLocs/reshape","1/1/multiboxLayer7/multiboxLocs/reshape","1/1/multiboxLayer7/multiboxLocs/reshape","Reshape","Reshape","Reshape",17.,17.4667,34.,"{30., 20., 18., 18., 17., 17., 17., 18., 17., 17., 17., 17., 17., 17., 17., 17., 18., 17., 17., 17., 17., 17., 18., 17., 17., 17., 17., 17., 17., 17., 27., 34., 18., 18., 18., 18., 17., 17., 18., 18., 18., 18., 18., 17., 18., 18., 18., 18., 18., 18.}"
"SSD-VGG-512 Trained on MS-COCO Data","g4dn.xlarge",64,64,0,50,"1/1/multiboxLayer7/multiboxClasses/1","1/1/multiboxLayer7/multiboxClasses/1","1/1/multiboxLayer7/multiboxClasses/1","Convolution","Convolution","Convolution",104.,105.86670000000001,142.,"{142., 114., 109., 106., 105., 105., 131., 113., 108., 105., 106., 105., 104., 105., 106., 106., 106., 106., 104., 105., 105., 105., 104., 105., 105., 104., 105., 104., 105., 105., 105., 106., 105., 105., 105., 106., 105., 104., 106., 105., 106., 105., 119., 106., 136., 128., 125., 125., 127., 125.}"
"SSD-VGG-512 Trained on MS-COCO Data","g4dn.xlarge",65,65,0,50,"1/1/multiboxLayer7/multiboxClasses/2","1/1/multiboxLayer7/multiboxClasses/2","1/1/multiboxLayer7/multiboxClasses/2","Reshape","Reshape","Reshape",17.,17.400000000000002,31.,"{31., 20., 19., 18., 18., 17., 17., 17., 18., 17., 17., 18., 18., 18., 17., 17., 18., 17., 17., 18., 17., 17., 18., 17., 18., 18., 18., 18., 17., 18., 17., 17., 18., 17., 17., 18., 17., 17., 17., 17., 17., 17., 17., 18., 17., 17., 18., 18., 17., 17.}"
"SSD-VGG-512 Trained on MS-COCO Data","g4dn.xlarge",66,66,0,50,"1/1/multiboxLayer7/multiboxClasses/3","1/1/multiboxLayer7/multiboxClasses/3","1/1/multiboxLayer7/multiboxClasses/3","Softmax","Softmax","Softmax",31.,31.900000000000002,55.,"{55., 35., 32., 32., 32., 31., 31., 32., 31., 31., 32., 31., 31., 32., 32., 31., 32., 32., 31., 32., 32., 32., 31., 31., 32., 32., 32., 31., 31., 32., 31., 31., 50., 32., 33., 33., 32., 32., 32., 32., 32., 33., 33., 33., 32., 32., 32., 33., 33., 33.}"
"SSD-VGG-512 Trained on MS-COCO Data","g4dn.xlarge",67,67,0,50,"1/1/multiboxLayer7/multiboxClasses/4","1/1/multiboxLayer7/multiboxClasses/4","1/1/multiboxLayer7/multiboxClasses/4","Part","Part","Part",20.,21.,37.,"{37., 23., 21., 21., 21., 21., 21., 21., 21., 21., 21., 21., 20., 21., 21., 21., 21., 21., 21., 21., 21., 21., 21., 21., 21., 21., 20., 21., 21., 21., 21., 21., 21., 21., 21., 21., 21., 21., 21., 21., 21., 20., 21., 20., 21., 21., 21., 20., 20., 20.}"
"SSD-VGG-512 Trained on MS-COCO Data","g4dn.xlarge",68,76,8,50,"1/1/multiboxLayer1/channelNorm1/1","1/1/multiboxLayer1/multiboxClasses/3","1/1/multiboxLayer1/channelNorm1/1-1/1/multiboxLayer1/channelNorm1/2-1/1/multiboxLayer1/channelNorm1/3-1/1/multiboxLayer1/channelNorm1/4-1/1/multiboxLayer1/channelNorm1/5-1/1/multiboxLayer1/channelNorm1/6-1/1/multiboxLayer1/multiboxClasses/1-1/1/multiboxLayer1/multiboxClasses/2-1/1/multiboxLayer1/multiboxClasses/3","Transpose","Softmax","Transpose-Elementwise-Softmax-Elementwise-Transpose-ConstantTimes-Convolution-Reshape-Softmax",321769.,322179.9,326452.,"{323477., 323426., 322057., 326452., 322986., 321878., 322146., 323358., 322129., 321865., 322488., 321989., 321986., 322401., 321997., 321870., 322279., 322138., 321962., 322881., 322064., 322042., 322932., 322344., 321769., 322261., 321962., 321870., 322601., 322393., 322084., 322136., 322435., 321954., 321949., 322343., 322408., 322033., 322141., 321923., 322397., 322244., 322016., 321949., 322397., 321968., 322531., 322150., 321969., 322731.}"
"SSD-VGG-512 Trained on MS-COCO Data","g4dn.xlarge",77,77,0,50,"1/1/multiboxLayer1/multiboxClasses/4","1/1/multiboxLayer1/multiboxClasses/4","1/1/multiboxLayer1/multiboxClasses/4","Part","Part","Part",464.,468.23330000000004,776.,"{776., 594., 496., 497., 470., 467., 467., 467., 499., 473., 472., 481., 484., 471., 468., 468., 467., 468., 466., 465., 482., 464., 466., 465., 466., 466., 464., 465., 475., 494., 472., 482., 464., 464., 465., 464., 464., 487., 469., 465., 464., 465., 464., 465., 465., 477., 464., 465., 466., 465.}"
"SSD-VGG-512 Trained on MS-COCO Data","g4dn.xlarge",78,78,0,50,"1/1/multiboxLayer1/multiboxLocs/convloc/1","1/1/multiboxLayer1/multiboxLocs/convloc/1","1/1/multiboxLayer1/multiboxLocs/convloc/1","Convolution","Convolution","Convolution",25153.,25387.7333,58965.,"{58965., 25562., 25587., 25465., 25592., 25344., 25747., 25368., 25434., 25363., 25313., 25351., 25318., 25359., 25182., 25456., 25321., 25444., 25225., 25553., 25348., 25367., 25321., 26024., 26034., 25725., 25586., 25483., 25372., 25438., 25269., 25521., 25301., 25301., 25254., 25392., 25243., 25451., 25153., 25378., 25238., 25495., 25339., 25261., 25399., 25550., 25324., 25196., 25316., 25187.}"
"SSD-VGG-512 Trained on MS-COCO Data","g4dn.xlarge",79,79,0,50,"1/1/multiboxLayer1/multiboxLocs/reshape","1/1/multiboxLayer1/multiboxLocs/reshape","1/1/multiboxLayer1/multiboxLocs/reshape","Reshape","Reshape","Reshape",25.,27.966700000000003,194.,"{194., 38., 32., 31., 31., 31., 31., 31., 30., 31., 30., 31., 31., 31., 31., 30., 31., 31., 30., 29., 29., 28., 28., 27., 27., 27., 27., 27., 27., 27., 26., 27., 26., 26., 26., 26., 26., 26., 26., 26., 25., 26., 26., 26., 25., 25., 26., 26., 25., 25.}"
"SSD-VGG-512 Trained on MS-COCO Data","g4dn.xlarge",80,80,0,50,"1/1/multiboxLayer2/multiboxLocs/convloc/1","1/1/multiboxLayer2/multiboxLocs/convloc/1","1/1/multiboxLayer2/multiboxLocs/convloc/1","Convolution","Convolution","Convolution",12813.,13226.633300000001,15139.,"{15139., 13948., 13816., 13437., 13646., 13438., 13258., 13442., 13404., 13066., 13610., 13293., 13181., 13350., 13388., 13104., 13221., 13190., 12999., 13320., 13390., 13080., 13079., 13392., 13212., 13214., 13384., 12960., 13098., 13351., 12997., 12933., 13228., 13148., 13174., 13265., 13039., 13011., 13245., 13056., 13184., 13232., 13422., 13170., 13217., 13309., 13026., 12813., 13045., 12982.}"
"SSD-VGG-512 Trained on MS-COCO Data","g4dn.xlarge",81,81,0,50,"1/1/multiboxLayer2/multiboxLocs/reshape","1/1/multiboxLayer2/multiboxLocs/reshape","1/1/multiboxLayer2/multiboxLocs/reshape","Reshape","Reshape","Reshape",21.,22.1,49.,"{49., 27., 25., 25., 25., 25., 24., 25., 24., 25., 25., 35., 22., 23., 22., 22., 22., 23., 22., 21., 22., 21., 21., 21., 21., 22., 21., 22., 34., 23., 22., 22., 22., 21., 21., 21., 22., 22., 22., 21., 21., 21., 21., 21., 22., 22., 22., 21., 21., 21.}"
"SSD-VGG-512 Trained on MS-COCO Data","g4dn.xlarge",82,82,0,50,"1/1/multiboxLayer2/multiboxClasses/1","1/1/multiboxLayer2/multiboxClasses/1","1/1/multiboxLayer2/multiboxClasses/1","Convolution","Convolution","Convolution",39981.,40357.9,42122.,"{42122., 40469., 40728., 40391., 40428., 40163., 40244., 40407., 40262., 40305., 40341., 40450., 40441., 40266., 40239., 40328., 40296., 40373., 39981., 40305., 40347., 40423., 40291., 40693., 41155., 40671., 40380., 40585., 40601., 40386., 40219., 40065., 40474., 40377., 40594., 40228., 40297., 40281., 40427., 40249., 40159., 40271., 40422., 40146., 40135., 40469., 40568., 40782., 40322., 40259.}"
"SSD-VGG-512 Trained on MS-COCO Data","g4dn.xlarge",83,83,0,50,"1/1/multiboxLayer2/multiboxClasses/2","1/1/multiboxLayer2/multiboxClasses/2","1/1/multiboxLayer2/multiboxClasses/2","Reshape","Reshape","Reshape",209.,214.10000000000002,485.,"{485., 252., 219., 216., 218., 217., 216., 217., 218., 216., 214., 216., 212., 213., 214., 217., 215., 215., 214., 216., 214., 212., 212., 216., 212., 214., 216., 211., 214., 239., 211., 212., 214., 213., 211., 212., 211., 212., 212., 213., 210., 214., 213., 214., 213., 223., 213., 221., 209., 209.}"
"SSD-VGG-512 Trained on MS-COCO Data","g4dn.xlarge",84,84,0,50,"1/1/multiboxLayer2/multiboxClasses/3","1/1/multiboxLayer2/multiboxClasses/3","1/1/multiboxLayer2/multiboxClasses/3","Softmax","Softmax","Softmax",23709.,23848.2667,24142.,"{23970., 23843., 23780., 23824., 23822., 24142., 23828., 23864., 23868., 23819., 23886., 23817., 23856., 23938., 23900., 23893., 23831., 23816., 23888., 23817., 23894., 23820., 23819., 23887., 23821., 23868., 23857., 23815., 23891., 23822., 23824., 23883., 23814., 23884., 23812., 23709., 23874., 23816., 23858., 23847., 23817., 23882., 23822., 23821., 23886., 23826., 23884., 24010., 23822., 23890.}"
"SSD-VGG-512 Trained on MS-COCO Data","g4dn.xlarge",85,85,0,50,"1/1/multiboxLayer2/multiboxClasses/4","1/1/multiboxLayer2/multiboxClasses/4","1/1/multiboxLayer2/multiboxClasses/4","Part","Part","Part",208.,211.0667,286.,"{286., 218., 209., 210., 209., 210., 209., 211., 213., 209., 223., 210., 209., 213., 210., 210., 209., 210., 213., 214., 213., 212., 209., 209., 210., 208., 209., 211., 223., 211., 210., 209., 210., 220., 212., 209., 209., 209., 209., 235., 215., 213., 214., 214., 225., 210., 231., 213., 214., 210.}"
"SSD-VGG-512 Trained on MS-COCO Data","g4dn.xlarge",86,86,0,50,"1/1/multiboxLayer5/multiboxClasses/1","1/1/multiboxLayer5/multiboxClasses/1","1/1/multiboxLayer5/multiboxClasses/1","Convolution","Convolution","Convolution",266.,270.7,4126.,"{4126., 339., 270., 268., 268., 269., 266., 267., 273., 270., 267., 267., 267., 267., 267., 267., 268., 268., 266., 266., 266., 270., 284., 273., 278., 272., 306., 271., 270., 271., 356., 350., 345., 344., 270., 281., 270., 269., 268., 268., 269., 270., 279., 272., 270., 270., 269., 270., 293., 290.}"
"SSD-VGG-512 Trained on MS-COCO Data","g4dn.xlarge",87,87,0,50,"1/1/multiboxLayer5/multiboxClasses/2","1/1/multiboxLayer5/multiboxClasses/2","1/1/multiboxLayer5/multiboxClasses/2","Reshape","Reshape","Reshape",18.,19.1,40.,"{40., 33., 19., 18., 18., 18., 19., 20., 19., 18., 18., 19., 25., 20., 21., 20., 19., 19., 19., 19., 19., 19., 21., 19., 19., 18., 18., 18., 18., 19., 21., 20., 19., 19., 19., 19., 19., 18., 21., 20., 19., 19., 18., 19., 19., 19., 21., 20., 19., 19.}"
"SSD-VGG-512 Trained on MS-COCO Data","g4dn.xlarge",88,88,0,50,"1/1/multiboxLayer5/multiboxClasses/3","1/1/multiboxLayer5/multiboxClasses/3","1/1/multiboxLayer5/multiboxClasses/3","Softmax","Softmax","Softmax",363.,370.1333,398.,"{376., 365., 363., 363., 364., 363., 376., 364., 363., 363., 383., 364., 366., 398., 381., 382., 381., 378., 369., 367., 368., 369., 368., 368., 369., 369., 368., 368., 378., 368., 369., 369., 368., 368., 369., 368., 368., 384., 378., 398., 380., 379., 386., 369., 368., 369., 369., 368., 368., 377.}"
"SSD-VGG-512 Trained on MS-COCO Data","g4dn.xlarge",89,89,0,50,"1/1/multiboxLayer5/multiboxClasses/4","1/1/multiboxLayer5/multiboxClasses/4","1/1/multiboxLayer5/multiboxClasses/4","Part","Part","Part",28.,29.3667,45.,"{45., 32., 31., 31., 31., 31., 32., 30., 31., 32., 30., 31., 31., 31., 31., 29., 29., 29., 29., 29., 29., 28., 29., 28., 29., 29., 29., 29., 28., 29., 29., 28., 29., 29., 29., 28., 29., 29., 28., 31., 29., 30., 29., 29., 28., 29., 29., 28., 29., 29.}"
"SSD-VGG-512 Trained on MS-COCO Data","g4dn.xlarge",90,90,0,50,"1/1/multiboxLayer5/multiboxLocs/convloc/1","1/1/multiboxLayer5/multiboxLocs/convloc/1","1/1/multiboxLayer5/multiboxLocs/convloc/1","Convolution","Convolution","Convolution",89.,90.6333,171.,"{171., 97., 92., 90., 91., 91., 90., 103., 92., 90., 92., 91., 90., 90., 91., 90., 90., 91., 92., 92., 90., 90., 91., 90., 90., 91., 91., 91., 90., 89., 91., 90., 89., 91., 91., 90., 90., 89., 90., 91., 91., 90., 91., 113., 92., 90., 90., 90., 100., 93.}"
"SSD-VGG-512 Trained on MS-COCO Data","g4dn.xlarge",91,91,0,50,"1/1/multiboxLayer5/multiboxLocs/reshape","1/1/multiboxLayer5/multiboxLocs/reshape","1/1/multiboxLayer5/multiboxLocs/reshape","Reshape","Reshape","Reshape",18.,18.133300000000002,86.,"{86., 23., 19., 18., 18., 18., 18., 18., 18., 20., 20., 18., 18., 18., 18., 18., 18., 20., 18., 19., 18., 18., 18., 18., 18., 21., 19., 18., 18., 18., 18., 18., 18., 21., 19., 18., 18., 18., 18., 18., 18., 20., 19., 18., 18., 18., 18., 18., 18., 20.}"
"SSD-VGG-512 Trained on MS-COCO Data","g4dn.xlarge",92,92,0,50,"1/1/multiboxLayer6/multiboxLocs/convloc/1","1/1/multiboxLayer6/multiboxLocs/convloc/1","1/1/multiboxLayer6/multiboxLocs/convloc/1","Convolution","Convolution","Convolution",46.,47.,107.,"{107., 52., 48., 47., 48., 47., 47., 48., 47., 47., 47., 47., 47., 47., 48., 47., 48., 47., 47., 47., 47., 46., 47., 47., 47., 47., 47., 46., 47., 47., 48., 47., 47., 47., 47., 47., 47., 47., 47., 47., 46., 46., 47., 46., 47., 47., 47., 47., 46., 47.}"
"SSD-VGG-512 Trained on MS-COCO Data","g4dn.xlarge",93,93,0,50,"1/1/multiboxLayer6/multiboxLocs/reshape","1/1/multiboxLayer6/multiboxLocs/reshape","1/1/multiboxLayer6/multiboxLocs/reshape","Reshape","Reshape","Reshape",16.,17.0333,51.,"{30., 19., 18., 17., 17., 17., 18., 17., 17., 17., 17., 17., 17., 18., 17., 17., 17., 17., 17., 17., 17., 17., 17., 17., 18., 17., 18., 17., 17., 17., 17., 17., 18., 17., 17., 18., 17., 51., 21., 17., 17., 17., 17., 17., 16., 17., 17., 16., 17., 17.}"
"SSD-VGG-512 Trained on MS-COCO Data","g4dn.xlarge",94,94,0,50,"1/1/multiboxLayer6/multiboxClasses/1","1/1/multiboxLayer6/multiboxClasses/1","1/1/multiboxLayer6/multiboxClasses/1","Convolution","Convolution","Convolution",224.,228.20000000000002,312.,"{312., 235., 230., 230., 230., 229., 229., 227., 227., 226., 227., 226., 228., 227., 257., 233., 228., 227., 227., 228., 227., 267., 232., 228., 303., 285., 286., 286., 243., 226., 252., 231., 227., 226., 226., 226., 227., 226., 226., 226., 227., 226., 226., 228., 227., 224., 224., 240., 225., 225.}"
"SSD-VGG-512 Trained on MS-COCO Data","g4dn.xlarge",95,95,0,50,"1/1/multiboxLayer6/multiboxClasses/2","1/1/multiboxLayer6/multiboxClasses/2","1/1/multiboxLayer6/multiboxClasses/2","Reshape","Reshape","Reshape",19.,20.,46.,"{46., 25., 21., 20., 21., 20., 20., 20., 20., 20., 20., 20., 20., 20., 20., 20., 20., 20., 20., 20., 20., 20., 20., 20., 20., 19., 20., 20., 20., 20., 20., 19., 20., 20., 20., 20., 20., 20., 19., 20., 19., 20., 20., 19., 20., 20., 19., 19., 19., 19.}"
"SSD-VGG-512 Trained on MS-COCO Data","g4dn.xlarge",96,96,0,50,"1/1/multiboxLayer6/multiboxClasses/3","1/1/multiboxLayer6/multiboxClasses/3","1/1/multiboxLayer6/multiboxClasses/3","Softmax","Softmax","Softmax",74.,75.,92.,"{90., 78., 75., 75., 75., 76., 75., 75., 75., 75., 75., 76., 75., 75., 76., 75., 75., 75., 75., 75., 75., 75., 75., 75., 75., 75., 75., 75., 75., 75., 75., 75., 75., 75., 75., 75., 76., 92., 76., 75., 74., 75., 75., 74., 75., 75., 75., 75., 75., 75.}"
"SSD-VGG-512 Trained on MS-COCO Data","g4dn.xlarge",97,97,0,50,"1/1/multiboxLayer6/multiboxClasses/4","1/1/multiboxLayer6/multiboxClasses/4","1/1/multiboxLayer6/multiboxClasses/4","Part","Part","Part",21.,21.5333,38.,"{38., 23., 22., 21., 21., 21., 22., 22., 22., 22., 22., 21., 21., 22., 22., 21., 21., 21., 21., 22., 22., 21., 22., 22., 22., 21., 21., 22., 21., 22., 21., 22., 22., 22., 21., 21., 22., 21., 21., 21., 21., 22., 22., 21., 21., 22., 21., 21., 22., 22.}"
"SSD-VGG-512 Trained on MS-COCO Data","g4dn.xlarge",98,98,0,50,"1/1/multiboxLayer3/multiboxClasses/1","1/1/multiboxLayer3/multiboxClasses/1","1/1/multiboxLayer3/multiboxClasses/1","Convolution","Convolution","Convolution",4893.,5075.433300000001,5333.,"{5295., 5175., 5033., 5333., 4935., 5250., 4913., 5250., 4936., 5263., 4897., 5246., 4909., 5252., 4958., 5239., 4908., 5258., 4936., 5239., 4895., 5235., 4893., 5231., 4914., 5256., 4898., 5259., 4949., 5250., 4906., 5262., 4904., 5239., 4902., 5273., 4899., 5202., 4922., 5202., 4900., 5147., 4893., 5148., 4938., 5133., 4895., 5134., 4908., 5128.}"
"SSD-VGG-512 Trained on MS-COCO Data","g4dn.xlarge",99,99,0,50,"1/1/multiboxLayer3/multiboxClasses/2","1/1/multiboxLayer3/multiboxClasses/2","1/1/multiboxLayer3/multiboxClasses/2","Reshape","Reshape","Reshape",35.,37.300000000000004,101.,"{101., 45., 40., 40., 39., 49., 59., 39., 38., 38., 38., 38., 38., 38., 38., 38., 37., 37., 36., 37., 37., 38., 37., 39., 37., 37., 37., 36., 38., 37., 37., 37., 37., 48., 35., 35., 36., 36., 36., 37., 35., 35., 36., 35., 66., 40., 36., 35., 35., 35.}"
"SSD-VGG-512 Trained on MS-COCO Data","g4dn.xlarge",100,100,0,50,"1/1/multiboxLayer3/multiboxClasses/3","1/1/multiboxLayer3/multiboxClasses/3","1/1/multiboxLayer3/multiboxClasses/3","Softmax","Softmax","Softmax",5661.,5713.2667,5753.,"{5753., 5667., 5732., 5721., 5732., 5726., 5682., 5741., 5664., 5744., 5661., 5734., 5717., 5683., 5745., 5664., 5742., 5661., 5733., 5720., 5686., 5744., 5665., 5747., 5661., 5735., 5723., 5682., 5744., 5667., 5745., 5666., 5736., 5720., 5684., 5738., 5666., 5742., 5664., 5734., 5747., 5685., 5737., 5663., 5748., 5663., 5732., 5719., 5685., 5739.}"
"SSD-VGG-512 Trained on MS-COCO Data","g4dn.xlarge",101,101,0,50,"1/1/multiboxLayer3/multiboxClasses/4","1/1/multiboxLayer3/multiboxClasses/4","1/1/multiboxLayer3/multiboxClasses/4","Part","Part","Part",66.,67.4333,96.,"{96., 69., 67., 67., 67., 67., 68., 67., 68., 67., 66., 66., 66., 67., 68., 68., 68., 67., 66., 66., 66., 67., 69., 67., 68., 67., 67., 67., 66., 67., 69., 67., 67., 66., 67., 66., 80., 67., 68., 67., 93., 70., 70., 68., 69., 69., 68., 68., 68., 69.}"
"SSD-VGG-512 Trained on MS-COCO Data","g4dn.xlarge",102,102,0,50,"1/1/multiboxLayer3/multiboxLocs/convloc/1","1/1/multiboxLayer3/multiboxLocs/convloc/1","1/1/multiboxLayer3/multiboxLocs/convloc/1","Convolution","Convolution","Convolution",1364.,1393.6667,1659.,"{1659., 1551., 1386., 1375., 1367., 1367., 1560., 1411., 1425., 1374., 1367., 1395., 1373., 1558., 1413., 1405., 1371., 1415., 1367., 1367., 1555., 1409., 1369., 1401., 1366., 1379., 1369., 1535., 1453., 1366., 1394., 1386., 1367., 1366., 1539., 1434., 1377., 1404., 1365., 1382., 1369., 1525., 1469., 1369., 1415., 1384., 1369., 1364., 1530., 1437.}"
"SSD-VGG-512 Trained on MS-COCO Data","g4dn.xlarge",103,103,0,50,"1/1/multiboxLayer3/multiboxLocs/reshape","1/1/multiboxLayer3/multiboxLocs/reshape","1/1/multiboxLayer3/multiboxLocs/reshape","Reshape","Reshape","Reshape",22.,23.,38.,"{38., 25., 24., 23., 23., 23., 23., 23., 24., 23., 23., 24., 24., 23., 23., 24., 23., 24., 23., 23., 23., 23., 23., 23., 23., 23., 23., 23., 22., 22., 23., 23., 23., 22., 23., 23., 23., 23., 23., 23., 23., 23., 23., 23., 22., 22., 22., 22., 22., 23.}"
"SSD-VGG-512 Trained on MS-COCO Data","g4dn.xlarge",104,104,0,50,"1/2/1","1/2/1","1/2/1","Transpose","Transpose","Transpose",16635.,16710.866700000002,18104.,"{18104., 16949., 16841., 16801., 16763., 16812., 16782., 16804., 16726., 16786., 16768., 16692., 16732., 16681., 16672., 16736., 16715., 16678., 16722., 16706., 16660., 16838., 16701., 16667., 16718., 16708., 16635., 16701., 16714., 16653., 16722., 16730., 16672., 16726., 16714., 16658., 16721., 16686., 16653., 16700., 16717., 16652., 16717., 16703., 16664., 16707., 16702., 16645., 16714., 16702.}"
"SSD-VGG-512 Trained on MS-COCO Data","g4dn.xlarge",105,105,0,50,"1/2/2","1/2/2","1/2/2","Flatten","Flatten","Flatten",440.,449.86670000000004,544.,"{544., 472., 449., 452., 451., 460., 467., 441., 448., 456., 451., 444., 453., 454., 455., 441., 441., 452., 441., 451., 444., 451., 441., 453., 452., 443., 442., 444., 471., 449., 449., 463., 447., 451., 453., 458., 464., 440., 450., 451., 453., 442., 450., 450., 441., 440., 451., 452., 443., 455.}"
"SSD-VGG-512 Trained on MS-COCO Data","g4dn.xlarge",106,106,0,50,"1/3/1","1/3/1","1/3/1","Transpose","Transpose","Transpose",6628.,6677.8667000000005,6853.,"{6853., 6685., 6654., 6667., 6679., 6655., 6681., 6707., 6657., 6674., 6677., 6649., 6693., 6684., 6634., 6679., 6701., 6628., 6681., 6689., 6640., 6678., 6685., 6645., 6674., 6696., 6648., 6679., 6695., 6644., 6686., 6758., 6651., 6702., 6698., 6647., 6704., 6689., 6653., 6688., 6690., 6650., 6696., 6707., 6641., 6691., 6686., 6654., 6686., 6697.}"
"SSD-VGG-512 Trained on MS-COCO Data","g4dn.xlarge",107,107,0,50,"1/3/2","1/3/2","1/3/2","Flatten","Flatten","Flatten",184.,186.4,275.,"{275., 197., 189., 186., 186., 186., 199., 185., 195., 185., 185., 185., 187., 186., 184., 187., 185., 188., 187., 185., 189., 186., 186., 187., 186., 187., 186., 185., 189., 195., 191., 190., 185., 186., 186., 185., 186., 186., 187., 186., 189., 187., 184., 186., 185., 187., 188., 187., 184., 184.}"
"SSD-VGG-512 Trained on MS-COCO Data","g4dn.xlarge",108,108,0,50,"1/4/1","1/4/1","1/4/1","Transpose","Transpose","Transpose",1180.,1193.4,1241.,"{1241., 1189., 1199., 1189., 1225., 1223., 1194., 1184., 1185., 1198., 1186., 1184., 1219., 1239., 1183., 1185., 1193., 1185., 1222., 1193., 1182., 1235., 1215., 1183., 1181., 1180., 1198., 1185., 1181., 1235., 1220., 1182., 1196., 1187., 1190., 1194., 1190., 1214., 1233., 1193., 1184., 1182., 1194., 1187., 1185., 1194., 1241., 1203., 1182., 1194.}"
"SSD-VGG-512 Trained on MS-COCO Data","g4dn.xlarge",109,109,0,50,"1/4/2","1/4/2","1/4/2","Flatten","Flatten","Flatten",37.,38.533300000000004,74.,"{74., 42., 39., 39., 39., 40., 39., 37., 38., 38., 38., 38., 38., 38., 39., 37., 37., 37., 38., 46., 58., 41., 39., 39., 39., 39., 38., 39., 40., 39., 38., 38., 38., 39., 38., 38., 41., 39., 39., 38., 38., 38., 38., 39., 39., 40., 50., 37., 37., 38.}"
"SSD-VGG-512 Trained on MS-COCO Data","g4dn.xlarge",110,110,0,50,"1/5/1","1/5/1","1/5/1","Transpose","Transpose","Transpose",310.,312.7667,340.,"{333., 323., 311., 311., 321., 314., 310., 311., 311., 310., 310., 310., 311., 311., 318., 340., 320., 320., 320., 311., 310., 310., 310., 310., 310., 311., 318., 312., 312., 311., 311., 312., 311., 313., 312., 314., 314., 311., 311., 320., 313., 311., 311., 312., 312., 313., 339., 322., 322., 321.}"
"SSD-VGG-512 Trained on MS-COCO Data","g4dn.xlarge",111,111,0,50,"1/5/2","1/5/2","1/5/2","Flatten","Flatten","Flatten",25.,26.3667,43.,"{43., 28., 26., 27., 27., 27., 26., 26., 26., 26., 26., 26., 27., 26., 27., 27., 26., 27., 26., 27., 27., 26., 26., 26., 27., 26., 26., 26., 27., 37., 37., 27., 26., 26., 26., 27., 27., 26., 26., 26., 26., 26., 27., 27., 26., 27., 26., 26., 26., 25.}"
"SSD-VGG-512 Trained on MS-COCO Data","g4dn.xlarge",112,112,0,50,"1/6/1","1/6/1","1/6/1","Transpose","Transpose","Transpose",95.,96.06670000000001,120.,"{108., 120., 100., 100., 98., 98., 98., 98., 98., 98., 99., 99., 110., 96., 96., 95., 96., 95., 95., 96., 96., 96., 96., 95., 95., 95., 95., 96., 95., 95., 96., 95., 95., 95., 96., 96., 96., 104., 96., 95., 95., 96., 96., 96., 96., 95., 95., 96., 96., 96.}"
"SSD-VGG-512 Trained on MS-COCO Data","g4dn.xlarge",113,113,0,50,"1/6/2","1/6/2","1/6/2","Flatten","Flatten","Flatten",18.,24.,37.,"{37., 26., 25., 24., 24., 24., 24., 24., 19., 25., 25., 25., 24., 23., 24., 24., 19., 24., 24., 24., 24., 23., 24., 24., 19., 24., 24., 23., 24., 25., 24., 24., 19., 24., 24., 24., 24., 24., 25., 24., 18., 25., 24., 24., 24., 24., 24., 25., 19., 24.}"
"SSD-VGG-512 Trained on MS-COCO Data","g4dn.xlarge",114,114,0,50,"1/7/1","1/7/1","1/7/1","Transpose","Transpose","Transpose",35.,35.566700000000004,48.,"{48., 37., 36., 35., 35., 36., 36., 36., 37., 35., 35., 36., 36., 36., 36., 37., 37., 35., 35., 35., 35., 36., 36., 36., 37., 36., 35., 36., 35., 35., 35., 36., 37., 36., 35., 35., 35., 35., 35., 36., 37., 35., 35., 35., 36., 35., 35., 36., 36., 35.}"
"SSD-VGG-512 Trained on MS-COCO Data","g4dn.xlarge",115,115,0,50,"1/7/2","1/7/2","1/7/2","Flatten","Flatten","Flatten",17.,22.6,193.,"{35., 19., 18., 23., 24., 24., 24., 19., 25., 18., 17., 23., 24., 23., 17., 18., 18., 23., 23., 23., 24., 24., 23., 18., 18., 18., 23., 23., 24., 23., 17., 19., 25., 18., 23., 23., 23., 23., 23., 193., 24., 24., 29., 40., 19., 24., 24., 24., 23., 24.}"
"SSD-VGG-512 Trained on MS-COCO Data","g4dn.xlarge",116,116,0,50,"1/8/1","1/8/1","1/8/1","Transpose","Transpose","Transpose",26.,26.633300000000002,40.,"{40., 28., 27., 29., 27., 26., 27., 27., 27., 27., 27., 28., 26., 26., 26., 26., 26., 27., 27., 28., 26., 26., 26., 26., 27., 27., 28., 27., 27., 27., 27., 26., 26., 26., 27., 28., 27., 27., 27., 26., 26., 26., 27., 27., 26., 26., 26., 27., 26., 26.}"
"SSD-VGG-512 Trained on MS-COCO Data","g4dn.xlarge",117,117,0,50,"1/8/2","1/8/2","1/8/2","Flatten","Flatten","Flatten",17.,21.933300000000003,36.,"{34., 25., 20., 18., 23., 23., 23., 24., 23., 24., 19., 18., 17., 23., 24., 24., 23., 17., 18., 18., 18., 23., 24., 23., 24., 23., 19., 18., 17., 23., 24., 23., 23., 36., 19., 29., 18., 18., 23., 24., 24., 19., 19., 17., 24., 25., 23., 23., 23., 19.}"
"SSD-VGG-512 Trained on MS-COCO Data","g4dn.xlarge",118,118,0,50,"1/9","1/9","1/9","Catenate","Catenate","Catenate",834.,845.8000000000001,1342.,"{1342., 1275., 993., 890., 846., 843., 901., 882., 839., 834., 852., 839., 839., 842., 840., 862., 840., 840., 879., 861., 851., 839., 839., 838., 853., 836., 843., 838., 835., 880., 859., 855., 837., 837., 850., 838., 836., 837., 851., 839., 837., 870., 855., 872., 841., 837., 840., 840., 858., 842.}"
"SSD-VGG-512 Trained on MS-COCO Data","g4dn.xlarge",119,119,0,50,"1/10/1","1/10/1","1/10/1","Transpose","Transpose","Transpose",1396.,1423.1333,1460.,"{1428., 1417., 1396., 1409., 1410., 1434., 1460., 1415., 1413., 1425., 1415., 1416., 1452., 1452., 1413., 1425., 1415., 1424., 1424., 1448., 1460., 1415., 1413., 1421., 1413., 1427., 1457., 1449., 1414., 1420., 1413., 1412., 1441., 1451., 1456., 1416., 1414., 1423., 1412., 1415., 1460., 1447., 1413., 1424., 1415., 1413., 1427., 1455., 1456., 1414.}"
"SSD-VGG-512 Trained on MS-COCO Data","g4dn.xlarge",120,120,0,50,"1/10/2","1/10/2","1/10/2","Flatten","Flatten","Flatten",29.,29.7667,53.,"{53., 31., 30., 30., 30., 30., 53., 34., 31., 31., 30., 29., 30., 31., 30., 31., 30., 30., 30., 29., 31., 30., 30., 30., 29., 29., 29., 29., 29., 30., 30., 30., 29., 29., 29., 29., 30., 30., 30., 30., 30., 29., 29., 30., 30., 29., 29., 30., 29., 29.}"
"SSD-VGG-512 Trained on MS-COCO Data","g4dn.xlarge",121,121,0,50,"1/11/1","1/11/1","1/11/1","Transpose","Transpose","Transpose",536.,546.7667,584.,"{548., 547., 566., 538., 537., 538., 536., 538., 551., 540., 538., 539., 569., 562., 573., 552., 547., 545., 546., 546., 546., 545., 555., 546., 546., 545., 550., 551., 547., 546., 584., 561., 566., 543., 543., 542., 542., 552., 544., 546., 546., 546., 546., 546., 560., 546., 543., 543., 572., 561.}"
"SSD-VGG-512 Trained on MS-COCO Data","g4dn.xlarge",122,122,0,50,"1/11/2","1/11/2","1/11/2","Flatten","Flatten","Flatten",25.,26.,40.,"{40., 29., 27., 27., 26., 26., 26., 26., 25., 26., 27., 26., 26., 26., 26., 26., 25., 26., 26., 26., 25., 26., 26., 26., 26., 26., 26., 26., 26., 26., 26., 26., 26., 26., 27., 27., 26., 26., 26., 26., 31., 26., 26., 26., 26., 25., 25., 26., 26., 26.}"
"SSD-VGG-512 Trained on MS-COCO Data","g4dn.xlarge",123,123,0,50,"1/12/1","1/12/1","1/12/1","Transpose","Transpose","Transpose",153.,153.7333,178.,"{164., 160., 153., 178., 159., 158., 159., 159., 158., 158., 169., 153., 153., 153., 153., 154., 153., 153., 153., 153., 153., 154., 153., 154., 154., 154., 160., 153., 154., 154., 154., 153., 153., 154., 153., 154., 154., 154., 154., 153., 153., 153., 153., 153., 153., 155., 154., 154., 153., 153.}"
"SSD-VGG-512 Trained on MS-COCO Data","g4dn.xlarge",124,124,0,50,"1/12/2","1/12/2","1/12/2","Flatten","Flatten","Flatten",18.,24.1,37.,"{37., 27., 25., 25., 25., 35., 24., 24., 19., 24., 25., 24., 24., 24., 24., 24., 19., 25., 24., 24., 23., 24., 36., 24., 24., 24., 24., 23., 24., 19., 24., 24., 24., 24., 24., 24., 24., 18., 25., 25., 24., 24., 24., 24., 24., 18., 25., 24., 24., 25.}"
"SSD-VGG-512 Trained on MS-COCO Data","g4dn.xlarge",125,125,0,50,"1/13/1","1/13/1","1/13/1","Transpose","Transpose","Transpose",55.,56.066700000000004,71.,"{67., 58., 57., 56., 56., 56., 56., 57., 56., 56., 56., 55., 56., 56., 57., 57., 56., 56., 56., 56., 56., 56., 56., 57., 56., 56., 56., 55., 56., 56., 56., 57., 56., 56., 57., 56., 55., 71., 56., 57., 56., 56., 56., 56., 56., 56., 56., 57., 56., 56.}"
"SSD-VGG-512 Trained on MS-COCO Data","g4dn.xlarge",126,126,0,50,"1/13/2","1/13/2","1/13/2","Flatten","Flatten","Flatten",17.,22.633300000000002,34.,"{34., 19., 23., 23., 24., 19., 19., 23., 23., 23., 23., 24., 23., 19., 18., 23., 23., 23., 24., 23., 24., 19., 19., 17., 23., 24., 24., 23., 23., 18., 18., 18., 23., 23., 23., 23., 23., 19., 18., 22., 23., 24., 24., 23., 24., 32., 24., 23., 23., 23.}"
"SSD-VGG-512 Trained on MS-COCO Data","g4dn.xlarge",127,127,0,50,"1/14/1","1/14/1","1/14/1","Transpose","Transpose","Transpose",31.,31.633300000000002,49.,"{43., 33., 32., 31., 32., 32., 32., 32., 32., 32., 31., 31., 43., 33., 32., 31., 31., 31., 31., 31., 33., 32., 32., 31., 31., 32., 42., 32., 49., 31., 32., 32., 31., 31., 32., 31., 31., 31., 32., 32., 31., 32., 33., 31., 32., 32., 31., 31., 32., 31.}"
"SSD-VGG-512 Trained on MS-COCO Data","g4dn.xlarge",128,128,0,50,"1/14/2","1/14/2","1/14/2","Flatten","Flatten","Flatten",18.,22.7667,36.,"{36., 20., 18., 18., 23., 23., 23., 20., 24., 24., 23., 23., 23., 23., 24., 19., 18., 23., 23., 24., 23., 24., 23., 19., 25., 23., 23., 24., 24., 24., 23., 19., 19., 23., 23., 23., 24., 24., 24., 19., 19., 24., 22., 23., 23., 23., 23., 19., 19., 23.}"
"SSD-VGG-512 Trained on MS-COCO Data","g4dn.xlarge",129,129,0,50,"1/15/1","1/15/1","1/15/1","Transpose","Transpose","Transpose",18.,24.9667,42.,"{36., 27., 25., 25., 25., 25., 25., 25., 19., 26., 25., 24., 25., 25., 25., 25., 26., 26., 24., 25., 25., 25., 24., 24., 26., 26., 25., 25., 25., 25., 25., 25., 18., 25., 25., 42., 26., 25., 25., 25., 26., 25., 25., 24., 25., 24., 24., 24., 18., 25.}"
"SSD-VGG-512 Trained on MS-COCO Data","g4dn.xlarge",130,130,0,50,"1/15/2","1/15/2","1/15/2","Flatten","Flatten","Flatten",17.,21.400000000000002,33.,"{33., 24., 18., 17., 23., 24., 19., 19., 18., 23., 23., 23., 23., 17., 18., 18., 23., 23., 23., 23., 23., 24., 18., 18., 18., 17., 23., 17., 23., 23., 19., 25., 18., 17., 23., 23., 23., 23., 18., 24., 23., 22., 23., 23., 23., 18., 18., 18., 23., 24.}"
"SSD-VGG-512 Trained on MS-COCO Data","g4dn.xlarge",131,131,0,50,"1/16/1","1/16/1","1/16/1","Transpose","Transpose","Transpose",18.,23.933300000000003,35.,"{35., 25., 25., 24., 24., 24., 23., 19., 24., 24., 24., 24., 25., 24., 23., 19., 24., 24., 24., 24., 24., 24., 24., 19., 24., 24., 24., 23., 24., 23., 25., 29., 25., 24., 23., 24., 24., 18., 25., 24., 24., 24., 23., 23., 24., 19., 24., 24., 24., 24.}"
"SSD-VGG-512 Trained on MS-COCO Data","g4dn.xlarge",132,132,0,50,"1/16/2","1/16/2","1/16/2","Flatten","Flatten","Flatten",17.,22.,36.,"{34., 19., 24., 23., 24., 18., 18., 18., 17., 24., 36., 24., 18., 25., 24., 24., 17., 22., 23., 23., 19., 18., 17., 23., 23., 23., 23., 23., 18., 24., 23., 23., 24., 23., 23., 23., 18., 18., 17., 23., 23., 23., 23., 24., 19., 19., 17., 23., 23., 23.}"
"SSD-VGG-512 Trained on MS-COCO Data","g4dn.xlarge",133,133,0,50,"1/17","1/17","1/17","Catenate","Catenate","Catenate",316.,319.3,350.,"{345., 321., 330., 350., 328., 327., 338., 317., 317., 318., 317., 317., 316., 318., 328., 317., 317., 318., 318., 317., 318., 317., 316., 318., 317., 318., 328., 318., 317., 329., 319., 317., 317., 343., 329., 326., 327., 334., 326., 318., 318., 318., 317., 316., 316., 318., 317., 317., 319., 317.}"
"SSD-VGG-512 Trained on MS-COCO Data","g4dn.xlarge",134,134,0,50,"2/cx/1","2/cx/1","2/cx/1","Part","Part","Part",69.,69.86670000000001,119.,"{119., 73., 69., 70., 90., 71., 71., 71., 73., 72., 72., 72., 72., 71., 71., 71., 72., 71., 72., 83., 69., 69., 70., 70., 69., 69., 69., 69., 70., 69., 69., 70., 70., 69., 69., 70., 69., 69., 69., 70., 70., 69., 69., 69., 69., 69., 69., 69., 69., 69.}"
"SSD-VGG-512 Trained on MS-COCO Data","g4dn.xlarge",135,135,0,50,"2/cx/2","2/cx/2","2/cx/2","ConstantTimes","ConstantTimes","ConstantTimes",37.,37.8333,62.,"{62., 39., 38., 37., 38., 37., 38., 39., 38., 37., 37., 38., 39., 38., 39., 38., 37., 37., 49., 38., 38., 38., 37., 38., 38., 38., 38., 37., 38., 38., 37., 37., 38., 38., 39., 37., 38., 39., 38., 38., 38., 62., 38., 38., 38., 39., 37., 37., 37., 37.}"
"SSD-VGG-512 Trained on MS-COCO Data","g4dn.xlarge",136,136,0,50,"2/cx/3","2/cx/3","2/cx/3","ConstantPlus","ConstantPlus","ConstantPlus",37.,38.,73.,"{73., 40., 40., 38., 37., 38., 38., 38., 37., 38., 38., 37., 38., 38., 38., 38., 38., 39., 38., 38., 38., 38., 37., 38., 38., 38., 38., 38., 38., 38., 38., 38., 37., 38., 39., 38., 38., 38., 38., 38., 38., 38., 38., 37., 37., 37., 37., 38., 37., 38.}"
"SSD-VGG-512 Trained on MS-COCO Data","g4dn.xlarge",137,137,0,50,"2/cx/4","2/cx/4","2/cx/4","Elementwise","Elementwise","Elementwise",28.,28.666700000000002,47.,"{47., 30., 29., 29., 28., 28., 28., 34., 28., 28., 28., 28., 29., 29., 29., 29., 28., 28., 28., 29., 29., 29., 29., 28., 28., 28., 29., 28., 30., 28., 29., 28., 28., 43., 29., 29., 29., 28., 28., 28., 29., 35., 46., 29., 30., 29., 29., 29., 30., 29.}"
"SSD-VGG-512 Trained on MS-COCO Data","g4dn.xlarge",138,138,0,50,"2/width/1","2/width/1","2/width/1","Part","Part","Part",68.,69.5667,90.,"{90., 73., 70., 69., 69., 69., 70., 70., 70., 71., 69., 69., 70., 70., 70., 70., 70., 70., 69., 68., 70., 69., 69., 69., 70., 70., 69., 70., 69., 69., 70., 69., 70., 69., 69., 69., 69., 70., 70., 69., 70., 71., 69., 79., 70., 69., 69., 70., 69., 70.}"
"SSD-VGG-512 Trained on MS-COCO Data","g4dn.xlarge",139,139,0,50,"2/width/2","2/width/2","2/width/2","Elementwise","Elementwise","Elementwise",249.,253.06670000000003,279.,"{271., 251., 250., 250., 250., 250., 249., 249., 250., 250., 250., 249., 249., 250., 259., 250., 249., 249., 250., 249., 249., 249., 250., 249., 249., 249., 250., 261., 252., 249., 255., 279., 267., 266., 265., 265., 269., 256., 257., 258., 258., 257., 258., 257., 257., 268., 258., 257., 257., 257.}"
"SSD-VGG-512 Trained on MS-COCO Data","g4dn.xlarge",140,140,0,50,"2/width/3","2/width/3","2/width/3","ConstantTimes","ConstantTimes","ConstantTimes",37.,38.1667,56.,"{53., 39., 38., 38., 38., 39., 40., 37., 37., 37., 38., 39., 38., 38., 38., 38., 38., 37., 37., 38., 46., 41., 38., 37., 38., 38., 39., 38., 38., 37., 37., 37., 38., 38., 39., 38., 38., 38., 38., 37., 37., 38., 39., 44., 56., 39., 38., 39., 39., 40.}"
"SSD-VGG-512 Trained on MS-COCO Data","g4dn.xlarge",141,141,0,50,"2/width/4","2/width/4","2/width/4","Elementwise","Elementwise","Elementwise",28.,28.5,43.,"{43., 30., 30., 29., 28., 28., 29., 28., 28., 28., 29., 28., 29., 28., 28., 29., 28., 28., 29., 28., 29., 28., 28., 28., 29., 29., 29., 28., 29., 29., 29., 28., 28., 29., 28., 29., 29., 29., 28., 28., 29., 29., 28., 28., 29., 28., 28., 28., 29., 29.}"
"SSD-VGG-512 Trained on MS-COCO Data","g4dn.xlarge",142,142,0,50,"2/minx","2/minx","2/minx","Threading","Threading","Threading",40.,41.800000000000004,71.,"{71., 43., 41., 41., 41., 41., 48., 59., 42., 42., 42., 42., 42., 43., 43., 42., 42., 42., 42., 42., 42., 43., 43., 42., 42., 42., 42., 42., 43., 43., 43., 53., 41., 40., 41., 41., 41., 42., 42., 41., 40., 41., 41., 41., 41., 42., 42., 40., 41., 41.}"
"SSD-VGG-512 Trained on MS-COCO Data","g4dn.xlarge",143,143,0,50,"2/cy/1","2/cy/1","2/cy/1","Part","Part","Part",68.,69.5667,88.,"{87., 71., 69., 69., 70., 70., 69., 70., 70., 70., 69., 69., 70., 69., 69., 69., 76., 69., 69., 70., 69., 70., 70., 69., 69., 69., 70., 70., 69., 70., 70., 69., 70., 69., 70., 81., 72., 70., 69., 69., 69., 69., 70., 70., 69., 68., 74., 88., 71., 71.}"
"SSD-VGG-512 Trained on MS-COCO Data","g4dn.xlarge",144,144,0,50,"2/cy/2","2/cy/2","2/cy/2","ConstantTimes","ConstantTimes","ConstantTimes",37.,37.9,55.,"{55., 40., 38., 39., 38., 37., 37., 37., 38., 38., 38., 38., 37., 37., 38., 37., 38., 38., 38., 39., 38., 37., 37., 37., 38., 38., 38., 38., 38., 38., 38., 38., 38., 39., 38., 38., 38., 38., 38., 37., 38., 38., 38., 38., 37., 37., 37., 40., 38., 39.}"
"SSD-VGG-512 Trained on MS-COCO Data","g4dn.xlarge",145,145,0,50,"2/cy/3","2/cy/3","2/cy/3","ConstantPlus","ConstantPlus","ConstantPlus",37.,38.6333,74.,"{74., 40., 38., 38., 38., 38., 38., 39., 37., 37., 46., 38., 38., 39., 38., 38., 38., 62., 44., 39., 39., 39., 38., 39., 39., 39., 39., 39., 40., 39., 38., 38., 39., 40., 39., 39., 39., 39., 39., 38., 39., 40., 39., 49., 39., 38., 38., 37., 38., 38.}"
"SSD-VGG-512 Trained on MS-COCO Data","g4dn.xlarge",146,146,0,50,"2/cy/4","2/cy/4","2/cy/4","Elementwise","Elementwise","Elementwise",38.,39.,58.,"{58., 40., 39., 40., 39., 40., 39., 39., 39., 39., 39., 39., 40., 39., 39., 39., 39., 39., 39., 39., 39., 40., 39., 39., 39., 39., 39., 39., 39., 40., 39., 39., 39., 39., 38., 39., 39., 39., 38., 39., 39., 39., 39., 39., 39., 39., 39., 38., 39., 39.}"
"SSD-VGG-512 Trained on MS-COCO Data","g4dn.xlarge",147,147,0,50,"2/height/1","2/height/1","2/height/1","Part","Part","Part",69.,70.0333,102.,"{89., 72., 70., 70., 69., 69., 69., 69., 70., 71., 70., 70., 70., 70., 70., 70., 70., 71., 69., 70., 70., 70., 71., 69., 70., 71., 70., 69., 69., 70., 71., 70., 70., 71., 70., 70., 69., 70., 71., 70., 71., 70., 69., 70., 69., 102., 78., 72., 69., 70.}"
"SSD-VGG-512 Trained on MS-COCO Data","g4dn.xlarge",148,148,0,50,"2/height/2","2/height/2","2/height/2","Elementwise","Elementwise","Elementwise",256.,259.8,289.,"{277., 260., 278., 266., 265., 265., 266., 271., 257., 257., 257., 257., 258., 258., 257., 259., 266., 257., 256., 258., 258., 258., 258., 257., 257., 258., 256., 258., 258., 258., 258., 264., 259., 258., 257., 260., 260., 259., 260., 261., 289., 268., 267., 268., 274., 259., 267., 260., 259., 259.}"
"SSD-VGG-512 Trained on MS-COCO Data","g4dn.xlarge",149,149,0,50,"2/height/3","2/height/3","2/height/3","ConstantTimes","ConstantTimes","ConstantTimes",37.,38.2333,55.,"{55., 40., 38., 39., 39., 40., 38., 38., 38., 38., 37., 38., 38., 40., 39., 38., 38., 38., 38., 38., 39., 39., 38., 38., 38., 38., 38., 38., 38., 40., 38., 38., 38., 37., 38., 38., 39., 40., 39., 39., 38., 38., 39., 38., 38., 40., 39., 38., 38., 38.}"
"SSD-VGG-512 Trained on MS-COCO Data","g4dn.xlarge",150,150,0,50,"2/height/4","2/height/4","2/height/4","Elementwise","Elementwise","Elementwise",28.,28.966700000000003,44.,"{44., 31., 29., 29., 29., 29., 30., 29., 29., 30., 29., 29., 29., 29., 30., 29., 29., 29., 28., 28., 28., 29., 29., 29., 29., 29., 29., 29., 28., 28., 30., 36., 29., 28., 28., 29., 29., 28., 29., 30., 28., 28., 28., 29., 29., 29., 29., 29., 29., 29.}"
"SSD-VGG-512 Trained on MS-COCO Data","g4dn.xlarge",151,151,0,50,"2/miny","2/miny","2/miny","Threading","Threading","Threading",40.,41.7333,68.,"{58., 43., 42., 42., 42., 42., 42., 41., 41., 42., 41., 41., 41., 41., 42., 41., 41., 41., 40., 41., 42., 41., 42., 41., 41., 41., 43., 41., 41., 41., 42., 42., 41., 43., 42., 68., 42., 42., 43., 42., 42., 43., 43., 42., 42., 42., 43., 42., 43., 43.}"
"SSD-VGG-512 Trained on MS-COCO Data","g4dn.xlarge",152,152,0,50,"2/maxx","2/maxx","2/maxx","Threading","Threading","Threading",40.,41.2667,57.,"{57., 42., 41., 42., 42., 41., 41., 41., 42., 42., 42., 41., 42., 40., 41., 40., 41., 41., 42., 42., 54., 41., 41., 42., 41., 41., 42., 40., 41., 41., 41., 42., 41., 41., 42., 41., 41., 41., 41., 42., 41., 41., 42., 41., 41., 41., 41., 41., 41., 42.}"
"SSD-VGG-512 Trained on MS-COCO Data","g4dn.xlarge",153,153,0,50,"2/maxy","2/maxy","2/maxy","Threading","Threading","Threading",41.,41.566700000000004,60.,"{60., 43., 41., 42., 42., 41., 42., 41., 41., 41., 41., 41., 41., 42., 42., 41., 41., 41., 41., 42., 42., 42., 42., 41., 42., 42., 41., 43., 42., 42., 42., 42., 41., 41., 41., 42., 42., 42., 42., 42., 41., 41., 42., 42., 41., 42., 42., 41., 41., 41.}"
"SSD-VGG-512 Trained on MS-COCO Data","g4dn.xlarge",154,157,3,50,"2/cat","2/reshapePoint","2/cat-2/reshape-2/transpose-2/reshapePoint","Catenate","Reshape","Catenate-Reshape-Transpose-Reshape",2471.,2513.7000000000003,2637.,"{2637., 2482., 2471., 2589., 2511., 2497., 2508., 2577., 2513., 2508., 2498., 2587., 2509., 2496., 2507., 2588., 2498., 2504., 2506., 2584., 2508., 2500., 2507., 2586., 2501., 2503., 2500., 2582., 2517., 2501., 2506., 2581., 2502., 2502., 2509., 2577., 2506., 2499., 2510., 2579., 2500., 2510., 2536., 2546., 2509., 2512., 2532., 2547., 2500., 2504.}"
