3,"BatchNormalization","2a/bn2a_branch2a",7353.,1638400,1638400,0,0,0,64,160,160,64,160,160,"","","","","","","",19684.,19766.,0.
26,"BatchNormalization","3a/bn3a_branch2a",2981.,819200,819200,0,0,0,128,80,80,128,80,80,"","","","","","","",9542.,9538.,0.
21,"BatchNormalization","2b2/bn2b2_branch2b1",38784.,3276800,3276800,0,0,0,128,160,160,128,160,160,"","","","","","","",40450.,40478.,0.
14,"BatchNormalization","2b1/bn2b1_branch2b1",39302.,3276800,3276800,0,0,0,128,160,160,128,160,160,"","","","","","","",40421.,40438.,0.
18,"BatchNormalization","2b2/bn2b2_branch2a",39358.,3276800,3276800,0,0,0,128,160,160,128,160,160,"","","","","","","",40443.,40454.,0.
7,"BatchNormalization","2a/bn2a_branch2b1",39896.,3276800,3276800,0,0,0,128,160,160,128,160,160,"","","","","","","",40415.,40453.,0.
11,"BatchNormalization","2b1/bn2b1_branch2a",39917.,3276800,3276800,0,0,0,128,160,160,128,160,160,"","","","","","","",40439.,40478.,0.
49,"BatchNormalization","4a/bn4a_branch2a",1400.,409600,409600,0,0,0,256,40,40,256,40,40,"","","","","","","",4763.,4774.,0.
30,"BatchNormalization","3a/bn3a_branch2b1",7275.,1638400,1638400,0,0,0,256,80,80,256,80,80,"","","","","","","",19777.,19752.,0.
34,"BatchNormalization","3b1/bn3b1_branch2a",7355.,1638400,1638400,0,0,0,256,80,80,256,80,80,"","","","","","","",19802.,19740.,0.
41,"BatchNormalization","3b2/bn3b2_branch2a",7379.,1638400,1638400,0,0,0,256,80,80,256,80,80,"","","","","","","",19792.,19736.,0.
37,"BatchNormalization","3b1/bn3b1_branch2b1",7385.,1638400,1638400,0,0,0,256,80,80,256,80,80,"","","","","","","",19799.,19730.,0.
44,"BatchNormalization","3b2/bn3b2_branch2b1",7410.,1638400,1638400,0,0,0,256,80,80,256,80,80,"","","","","","","",19807.,19777.,0.
120,"BatchNormalization","6a/bn6a_branch2b1",362.,51200,51200,0,0,0,512,10,10,512,10,10,"","","","","","","",648.,652.,0.
111,"BatchNormalization","5b2/bn5b2_branch2b1",809.,204800,204800,0,0,0,512,20,20,512,20,20,"","","","","","","",2421.,2416.,0.
104,"BatchNormalization","5b1/bn5b1_branch2b1",812.,204800,204800,0,0,0,512,20,20,512,20,20,"","","","","","","",2419.,2417.,0.
93,"BatchNormalization","5a/bn5a_branch2a",813.,204800,204800,0,0,0,512,20,20,512,20,20,"","","","","","","",2416.,2419.,0.
97,"BatchNormalization","5a/bn5a_branch2b1",813.,204800,204800,0,0,0,512,20,20,512,20,20,"","","","","","","",2417.,2420.,0.
53,"BatchNormalization","4a/bn4a_branch2b1",3002.,819200,819200,0,0,0,512,40,40,512,40,40,"","","","","","","",9518.,9536.,0.
60,"BatchNormalization","4b1/bn4b1_branch2b1",3008.,819200,819200,0,0,0,512,40,40,512,40,40,"","","","","","","",9518.,9539.,0.
57,"BatchNormalization","4b1/bn4b1_branch2a",3012.,819200,819200,0,0,0,512,40,40,512,40,40,"","","","","","","",9517.,9530.,0.
88,"BatchNormalization","4b5/bn4b5_branch2b1",3012.,819200,819200,0,0,0,512,40,40,512,40,40,"","","","","","","",9512.,9514.,0.
67,"BatchNormalization","4b2/bn4b2_branch2b1",3024.,819200,819200,0,0,0,512,40,40,512,40,40,"","","","","","","",9517.,9524.,0.
81,"BatchNormalization","4b4/bn4b4_branch2b1",3028.,819200,819200,0,0,0,512,40,40,512,40,40,"","","","","","","",9511.,9510.,0.
71,"BatchNormalization","4b3/bn4b3_branch2a",3029.,819200,819200,0,0,0,512,40,40,512,40,40,"","","","","","","",9516.,9510.,0.
78,"BatchNormalization","4b4/bn4b4_branch2a",3029.,819200,819200,0,0,0,512,40,40,512,40,40,"","","","","","","",9510.,9517.,0.
85,"BatchNormalization","4b5/bn4b5_branch2a",3032.,819200,819200,0,0,0,512,40,40,512,40,40,"","","","","","","",9507.,9524.,0.
64,"BatchNormalization","4b2/bn4b2_branch2a",3039.,819200,819200,0,0,0,512,40,40,512,40,40,"","","","","","","",9512.,9538.,0.
74,"BatchNormalization","4b3/bn4b3_branch2b1",3064.,819200,819200,0,0,0,512,40,40,512,40,40,"","","","","","","",9514.,9517.,0.
116,"BatchNormalization","6a/bn6a_branch2a",525.,102400,102400,0,0,0,1024,10,10,1024,10,10,"","","","","","","",1249.,1252.,0.
123,"BatchNormalization","6a/bn6a_branch2b2",526.,102400,102400,0,0,0,1024,10,10,1024,10,10,"","","","","","","",1254.,1253.,0.
131,"BatchNormalization","7a/bn7a_branch2b1",548.,102400,102400,0,0,0,1024,10,10,1024,10,10,"","","","","","","",1258.,1251.,0.
108,"BatchNormalization","5b2/bn5b2_branch2a",1415.,409600,409600,0,0,0,1024,20,20,1024,20,20,"","","","","","","",4768.,4767.,0.
101,"BatchNormalization","5b1/bn5b1_branch2a",1416.,409600,409600,0,0,0,1024,20,20,1024,20,20,"","","","","","","",4765.,4767.,0.
127,"BatchNormalization","7a/bn7a_branch2a",829.,204800,204800,0,0,0,2048,10,10,2048,10,10,"","","","","","","",2416.,2423.,0.
134,"BatchNormalization","7a/bn7a_branch2b2",830.,204800,204800,0,0,0,2048,10,10,2048,10,10,"","","","","","","",2419.,2427.,0.
138,"BatchNormalization","bn7",1435.,409600,409600,0,0,0,4096,10,10,4096,10,10,"","","","","","","",4766.,4761.,0.
38,"BatchNormalization","Inception1/mixed_tower_2_conv_batchnorm",310.,39200,39200,0,0,0,32,35,35,32,35,35,"","","","","","","",512.,512.,0.
5,"BatchNormalization","conv_1_batchnorm",2468.,691488,691488,0,0,0,32,147,147,32,147,147,"","","","","","","",8682.,8678.,0.
2,"BatchNormalization","conv_batchnorm",2553.,710432,710432,0,0,0,32,149,149,32,149,149,"","","","","","","",8510.,8919.,0.
45,"BatchNormalization","Inception2/mixed_1_tower_conv_batchnorm",372.,58800,58800,0,0,0,48,35,35,48,35,35,"","","","","","","",743.,745.,0.
68,"BatchNormalization","Inception3/mixed_2_tower_conv_batchnorm",387.,58800,58800,0,0,0,48,35,35,48,35,35,"","","","","","","",742.,741.,0.
22,"BatchNormalization","Inception1/mixed_tower_conv_batchnorm",394.,58800,58800,0,0,0,48,35,35,48,35,35,"","","","","","","",742.,742.,0.
51,"BatchNormalization","Inception2/mixed_1_tower_1_conv_batchnorm",435.,78400,78400,0,0,0,64,35,35,64,35,35,"","","","","","","",970.,972.,0.
48,"BatchNormalization","Inception2/mixed_1_tower_conv_1_batchnorm",437.,78400,78400,0,0,0,64,35,35,64,35,35,"","","","","","","",975.,974.,0.
42,"BatchNormalization","Inception2/mixed_1_conv_batchnorm",440.,78400,78400,0,0,0,64,35,35,64,35,35,"","","","","","","",971.,980.,0.
91,"BatchNormalization","Inception4/mixed_3_tower_conv_batchnorm",445.,78400,78400,0,0,0,64,35,35,64,35,35,"","","","","","","",972.,974.,0.
74,"BatchNormalization","Inception3/mixed_2_tower_1_conv_batchnorm",446.,78400,78400,0,0,0,64,35,35,64,35,35,"","","","","","","",971.,976.,0.
71,"BatchNormalization","Inception3/mixed_2_tower_conv_1_batchnorm",447.,78400,78400,0,0,0,64,35,35,64,35,35,"","","","","","","",974.,972.,0.
84,"BatchNormalization","Inception3/mixed_2_tower_2_conv_batchnorm",449.,78400,78400,0,0,0,64,35,35,64,35,35,"","","","","","","",971.,973.,0.
25,"BatchNormalization","Inception1/mixed_tower_conv_1_batchnorm",450.,78400,78400,0,0,0,64,35,35,64,35,35,"","","","","","","",972.,976.,0.
65,"BatchNormalization","Inception3/mixed_2_conv_batchnorm",450.,78400,78400,0,0,0,64,35,35,64,35,35,"","","","","","","",974.,976.,0.
19,"BatchNormalization","Inception1/mixed_conv_batchnorm",451.,78400,78400,0,0,0,64,35,35,64,35,35,"","","","","","","",1096.,970.,0.
28,"BatchNormalization","Inception1/mixed_tower_1_conv_batchnorm",452.,78400,78400,0,0,0,64,35,35,64,35,35,"","","","","","","",972.,970.,0.
61,"BatchNormalization","Inception2/mixed_1_tower_2_conv_batchnorm",454.,78400,78400,0,0,0,64,35,35,64,35,35,"","","","","","","",971.,977.,0.
8,"BatchNormalization","conv_2_batchnorm",6046.,1382976,1382976,0,0,0,64,147,147,64,147,147,"","","","","","","",17744.,17752.,0.
12,"BatchNormalization","conv_3_batchnorm",1477.,426320,426320,0,0,0,80,73,73,80,73,73,"","","","","","","",5397.,5394.,0.
97,"BatchNormalization","Inception4/mixed_3_tower_conv_2_batchnorm",276.,27744,27744,0,0,0,96,17,17,96,17,17,"","","","","","","",383.,384.,0.
54,"BatchNormalization","Inception2/mixed_1_tower_1_conv_1_batchnorm",551.,117600,117600,0,0,0,96,35,35,96,35,35,"","","","","","","",1429.,1429.,0.
57,"BatchNormalization","Inception2/mixed_1_tower_1_conv_2_batchnorm",555.,117600,117600,0,0,0,96,35,35,96,35,35,"","","","","","","",1428.,1425.,0.
77,"BatchNormalization","Inception3/mixed_2_tower_1_conv_1_batchnorm",558.,117600,117600,0,0,0,96,35,35,96,35,35,"","","","","","","",1427.,1426.,0.
94,"BatchNormalization","Inception4/mixed_3_tower_conv_1_batchnorm",561.,117600,117600,0,0,0,96,35,35,96,35,35,"","","","","","","",1429.,1428.,0.
80,"BatchNormalization","Inception3/mixed_2_tower_1_conv_2_batchnorm",562.,117600,117600,0,0,0,96,35,35,96,35,35,"","","","","","","",1429.,1430.,0.
34,"BatchNormalization","Inception1/mixed_tower_1_conv_2_batchnorm",571.,117600,117600,0,0,0,96,35,35,96,35,35,"","","","","","","",1426.,1428.,0.
31,"BatchNormalization","Inception1/mixed_tower_1_conv_1_batchnorm",572.,117600,117600,0,0,0,96,35,35,96,35,35,"","","","","","","",1431.,1429.,0.
105,"BatchNormalization","Inception5/mixed_4_tower_conv_batchnorm",308.,36992,36992,0,0,0,128,17,17,128,17,17,"","","","","","","",490.,489.,0.
108,"BatchNormalization","Inception5/mixed_4_tower_conv_1_batchnorm",312.,36992,36992,0,0,0,128,17,17,128,17,17,"","","","","","","",489.,489.,0.
123,"BatchNormalization","Inception5/mixed_4_tower_1_conv_3_batchnorm",317.,36992,36992,0,0,0,128,17,17,128,17,17,"","","","","","","",489.,488.,0.
117,"BatchNormalization","Inception5/mixed_4_tower_1_conv_1_batchnorm",321.,36992,36992,0,0,0,128,17,17,128,17,17,"","","","","","","",486.,488.,0.
120,"BatchNormalization","Inception5/mixed_4_tower_1_conv_2_batchnorm",321.,36992,36992,0,0,0,128,17,17,128,17,17,"","","","","","","",488.,488.,0.
114,"BatchNormalization","Inception5/mixed_4_tower_1_conv_batchnorm",322.,36992,36992,0,0,0,128,17,17,128,17,17,"","","","","","","",486.,489.,0.
178,"BatchNormalization","Inception7/mixed_6_tower_1_conv_batchnorm",344.,46240,46240,0,0,0,160,17,17,160,17,17,"","","","","","","",594.,596.,0.
140,"BatchNormalization","Inception6/mixed_5_tower_conv_1_batchnorm",348.,46240,46240,0,0,0,160,17,17,160,17,17,"","","","","","","",595.,596.,0.
184,"BatchNormalization","Inception7/mixed_6_tower_1_conv_2_batchnorm",348.,46240,46240,0,0,0,160,17,17,160,17,17,"","","","","","","",595.,595.,0.
169,"BatchNormalization","Inception7/mixed_6_tower_conv_batchnorm",349.,46240,46240,0,0,0,160,17,17,160,17,17,"","","","","","","",593.,595.,0.
181,"BatchNormalization","Inception7/mixed_6_tower_1_conv_1_batchnorm",349.,46240,46240,0,0,0,160,17,17,160,17,17,"","","","","","","",595.,595.,0.
149,"BatchNormalization","Inception6/mixed_5_tower_1_conv_1_batchnorm",350.,46240,46240,0,0,0,160,17,17,160,17,17,"","","","","","","",595.,594.,0.
137,"BatchNormalization","Inception6/mixed_5_tower_conv_batchnorm",351.,46240,46240,0,0,0,160,17,17,160,17,17,"","","","","","","",595.,596.,0.
146,"BatchNormalization","Inception6/mixed_5_tower_1_conv_batchnorm",351.,46240,46240,0,0,0,160,17,17,160,17,17,"","","","","","","",594.,594.,0.
152,"BatchNormalization","Inception6/mixed_5_tower_1_conv_2_batchnorm",351.,46240,46240,0,0,0,160,17,17,160,17,17,"","","","","","","",921.,926.,0.
155,"BatchNormalization","Inception6/mixed_5_tower_1_conv_3_batchnorm",351.,46240,46240,0,0,0,160,17,17,160,17,17,"","","","","","","",593.,594.,0.
172,"BatchNormalization","Inception7/mixed_6_tower_conv_1_batchnorm",351.,46240,46240,0,0,0,160,17,17,160,17,17,"","","","","","","",593.,597.,0.
187,"BatchNormalization","Inception7/mixed_6_tower_1_conv_3_batchnorm",357.,46240,46240,0,0,0,160,17,17,160,17,17,"","","","","","","",596.,595.,0.
245,"BatchNormalization","Inception9/mixed_8_tower_1_conv_3_batchnorm",223.,12288,12288,0,0,0,192,8,8,192,8,8,"","","","","","","",209.,210.,0.
304,"BatchNormalization","Inception11/mixed_10_tower_2_conv_batchnorm",223.,12288,12288,0,0,0,192,8,8,192,8,8,"","","","","","","",209.,208.,0.
275,"BatchNormalization","Inception10/mixed_9_tower_2_conv_batchnorm",224.,12288,12288,0,0,0,192,8,8,192,8,8,"","","","","","","",209.,208.,0.
166,"BatchNormalization","Inception7/mixed_6_conv_batchnorm",369.,55488,55488,0,0,0,192,17,17,192,17,17,"","","","","","","",703.,706.,0.
222,"BatchNormalization","Inception8/mixed_7_tower_1_conv_4_batchnorm",370.,55488,55488,0,0,0,192,17,17,192,17,17,"","","","","","","",702.,705.,0.
207,"BatchNormalization","Inception8/mixed_7_tower_conv_2_batchnorm",373.,55488,55488,0,0,0,192,17,17,192,17,17,"","","","","","","",700.,700.,0.
204,"BatchNormalization","Inception8/mixed_7_tower_conv_1_batchnorm",374.,55488,55488,0,0,0,192,17,17,192,17,17,"","","","","","","",701.,702.,0.
216,"BatchNormalization","Inception8/mixed_7_tower_1_conv_2_batchnorm",374.,55488,55488,0,0,0,192,17,17,192,17,17,"","","","","","","",701.,702.,0.
190,"BatchNormalization","Inception7/mixed_6_tower_1_conv_4_batchnorm",375.,55488,55488,0,0,0,192,17,17,192,17,17,"","","","","","","",703.,701.,0.
236,"BatchNormalization","Inception9/mixed_8_tower_1_conv_batchnorm",375.,55488,55488,0,0,0,192,17,17,192,17,17,"","","","","","","",702.,702.,0.
239,"BatchNormalization","Inception9/mixed_8_tower_1_conv_1_batchnorm",376.,55488,55488,0,0,0,192,17,17,192,17,17,"","","","","","","",702.,702.,0.
175,"BatchNormalization","Inception7/mixed_6_tower_conv_2_batchnorm",377.,55488,55488,0,0,0,192,17,17,192,17,17,"","","","","","","",702.,704.,0.
194,"BatchNormalization","Inception7/mixed_6_tower_2_conv_batchnorm",377.,55488,55488,0,0,0,192,17,17,192,17,17,"","","","","","","",703.,702.,0.
213,"BatchNormalization","Inception8/mixed_7_tower_1_conv_1_batchnorm",377.,55488,55488,0,0,0,192,17,17,192,17,17,"","","","","","","",700.,703.,0.
102,"BatchNormalization","Inception5/mixed_4_conv_batchnorm",378.,55488,55488,0,0,0,192,17,17,192,17,17,"","","","","","","",704.,705.,0.
143,"BatchNormalization","Inception6/mixed_5_tower_conv_2_batchnorm",378.,55488,55488,0,0,0,192,17,17,192,17,17,"","","","","","","",706.,706.,0.
201,"BatchNormalization","Inception8/mixed_7_tower_conv_batchnorm",378.,55488,55488,0,0,0,192,17,17,192,17,17,"","","","","","","",702.,701.,0.
210,"BatchNormalization","Inception8/mixed_7_tower_1_conv_batchnorm",378.,55488,55488,0,0,0,192,17,17,192,17,17,"","","","","","","",701.,703.,0.
219,"BatchNormalization","Inception8/mixed_7_tower_1_conv_3_batchnorm",379.,55488,55488,0,0,0,192,17,17,192,17,17,"","","","","","","",701.,707.,0.
242,"BatchNormalization","Inception9/mixed_8_tower_1_conv_2_batchnorm",379.,55488,55488,0,0,0,192,17,17,192,17,17,"","","","","","","",700.,704.,0.
230,"BatchNormalization","Inception9/mixed_8_tower_conv_batchnorm",380.,55488,55488,0,0,0,192,17,17,192,17,17,"","","","","","","",701.,704.,0.
198,"BatchNormalization","Inception8/mixed_7_conv_batchnorm",381.,55488,55488,0,0,0,192,17,17,192,17,17,"","","","","","","",700.,701.,0.
126,"BatchNormalization","Inception5/mixed_4_tower_1_conv_4_batchnorm",382.,55488,55488,0,0,0,192,17,17,192,17,17,"","","","","","","",701.,708.,0.
134,"BatchNormalization","Inception6/mixed_5_conv_batchnorm",382.,55488,55488,0,0,0,192,17,17,192,17,17,"","","","","","","",700.,704.,0.
158,"BatchNormalization","Inception6/mixed_5_tower_1_conv_4_batchnorm",385.,55488,55488,0,0,0,192,17,17,192,17,17,"","","","","","","",701.,705.,0.
130,"BatchNormalization","Inception5/mixed_4_tower_2_conv_batchnorm",386.,55488,55488,0,0,0,192,17,17,192,17,17,"","","","","","","",704.,706.,0.
111,"BatchNormalization","Inception5/mixed_4_tower_conv_2_batchnorm",389.,55488,55488,0,0,0,192,17,17,192,17,17,"","","","","","","",709.,705.,0.
226,"BatchNormalization","Inception8/mixed_7_tower_2_conv_batchnorm",390.,55488,55488,0,0,0,192,17,17,192,17,17,"","","","","","","",704.,703.,0.
162,"BatchNormalization","Inception6/mixed_5_tower_2_conv_batchnorm",393.,55488,55488,0,0,0,192,17,17,192,17,17,"","","","","","","",703.,702.,0.
15,"BatchNormalization","conv_4_batchnorm",3782.,967872,967872,0,0,0,192,71,71,192,71,71,"","","","","","","",12201.,12172.,0.
233,"BatchNormalization","Inception9/mixed_8_tower_conv_1_batchnorm",266.,20480,20480,0,0,0,320,8,8,320,8,8,"","","","","","","",301.,301.,0.
279,"BatchNormalization","Inception11/mixed_10_conv_batchnorm",266.,20480,20480,0,0,0,320,8,8,320,8,8,"","","","","","","",300.,301.,0.
250,"BatchNormalization","Inception10/mixed_9_conv_batchnorm",267.,20480,20480,0,0,0,320,8,8,320,8,8,"","","","","","","",302.,301.,0.
268,"BatchNormalization","Inception10/mixed_9_tower_1_mixed_conv_batchnorm",275.,24576,24576,0,0,0,384,8,8,384,8,8,"","","","","","","",347.,346.,0.
265,"BatchNormalization","Inception10/mixed_9_tower_1_conv_1_batchnorm",280.,24576,24576,0,0,0,384,8,8,384,8,8,"","","","","","","",346.,348.,0.
288,"BatchNormalization","Inception11/mixed_10_tower_mixed_conv_1_batchnorm",280.,24576,24576,0,0,0,384,8,8,384,8,8,"","","","","","","",349.,348.,0.
271,"BatchNormalization","Inception10/mixed_9_tower_1_mixed_conv_1_batchnorm",281.,24576,24576,0,0,0,384,8,8,384,8,8,"","","","","","","",348.,347.,0.
282,"BatchNormalization","Inception11/mixed_10_tower_conv_batchnorm",281.,24576,24576,0,0,0,384,8,8,384,8,8,"","","","","","","",348.,348.,0.
256,"BatchNormalization","Inception10/mixed_9_tower_mixed_conv_batchnorm",282.,24576,24576,0,0,0,384,8,8,384,8,8,"","","","","","","",347.,347.,0.
253,"BatchNormalization","Inception10/mixed_9_tower_conv_batchnorm",283.,24576,24576,0,0,0,384,8,8,384,8,8,"","","","","","","",349.,347.,0.
294,"BatchNormalization","Inception11/mixed_10_tower_1_conv_1_batchnorm",283.,24576,24576,0,0,0,384,8,8,384,8,8,"","","","","","","",347.,346.,0.
259,"BatchNormalization","Inception10/mixed_9_tower_mixed_conv_1_batchnorm",286.,24576,24576,0,0,0,384,8,8,384,8,8,"","","","","","","",348.,348.,0.
297,"BatchNormalization","Inception11/mixed_10_tower_1_mixed_conv_batchnorm",286.,24576,24576,0,0,0,384,8,8,384,8,8,"","","","","","","",347.,348.,0.
300,"BatchNormalization","Inception11/mixed_10_tower_1_mixed_conv_1_batchnorm",286.,24576,24576,0,0,0,384,8,8,384,8,8,"","","","","","","",347.,347.,0.
285,"BatchNormalization","Inception11/mixed_10_tower_mixed_conv_batchnorm",290.,24576,24576,0,0,0,384,8,8,384,8,8,"","","","","","","",347.,348.,0.
88,"BatchNormalization","Inception4/mixed_3_conv_batchnorm",553.,110976,110976,0,0,0,384,17,17,384,17,17,"","","","","","","",1348.,1355.,0.
262,"BatchNormalization","Inception10/mixed_9_tower_1_conv_batchnorm",300.,28672,28672,0,0,0,448,8,8,448,8,8,"","","","","","","",394.,393.,0.
291,"BatchNormalization","Inception11/mixed_10_tower_1_conv_batchnorm",304.,28672,28672,0,0,0,448,8,8,448,8,8,"","","","","","","",393.,394.,0.
8,"BatchNormalization","2_1/2/conv2_1_linear_bn",1158.,301056,301056,0,0,0,24,112,112,24,112,112,"","","","","","","",3519.,3513.,0.
24,"BatchNormalization","3_1/3/conv3_1_linear_bn",521.,100352,100352,0,0,0,32,56,56,32,56,56,"","","","","","","",1237.,1389.,0.
16,"BatchNormalization","2_2/3/conv2_2_linear_bn",528.,100352,100352,0,0,0,32,56,56,32,56,56,"","","","","","","",1232.,1229.,0.
50,"BatchNormalization","4_2/3/conv4_2_linear_bn",315.,37632,37632,0,0,0,48,28,28,48,28,28,"","","","","","","",497.,498.,0.
41,"BatchNormalization","4_1/3/conv4_1_linear_bn",316.,37632,37632,0,0,0,48,28,28,48,28,28,"","","","","","","",496.,496.,0.
33,"BatchNormalization","3_2/3/conv3_2_linear_bn",324.,37632,37632,0,0,0,48,28,28,48,28,28,"","","","","","","",498.,501.,0.
5,"BatchNormalization","2_1/1/conv2_1_dwise_bn",2138.,602112,602112,0,0,0,48,112,112,48,112,112,"","","","","","","",6963.,6968.,0.
2,"BatchNormalization","1/conv1_bn",2215.,602112,602112,0,0,0,48,112,112,48,112,112,"","","","","","","",6964.,6960.,0.
59,"BatchNormalization","4_3/3/conv4_3_linear_bn",237.,17248,17248,0,0,0,88,14,14,88,14,14,"","","","","","","",265.,265.,0.
85,"BatchNormalization","4_6/3/conv4_6_linear_bn",239.,17248,17248,0,0,0,88,14,14,88,14,14,"","","","","","","",266.,265.,0.
67,"BatchNormalization","4_4/3/conv4_4_linear_bn",244.,17248,17248,0,0,0,88,14,14,88,14,14,"","","","","","","",267.,267.,0.
76,"BatchNormalization","4_5/3/conv4_5_linear_bn",245.,17248,17248,0,0,0,88,14,14,88,14,14,"","","","","","","",267.,268.,0.
102,"BatchNormalization","5_1/3/conv5_1_linear_bn",277.,26656,26656,0,0,0,136,14,14,136,14,14,"","","","","","","",376.,374.,0.
94,"BatchNormalization","4_7/3/conv4_7_linear_bn",281.,26656,26656,0,0,0,136,14,14,136,14,14,"","","","","","","",373.,373.,0.
111,"BatchNormalization","5_2/3/conv5_2_linear_bn",281.,26656,26656,0,0,0,136,14,14,136,14,14,"","","","","","","",372.,373.,0.
13,"BatchNormalization","2_2/2/conv2_2_dwise_bn",1627.,451584,451584,0,0,0,144,56,56,144,56,56,"","","","","","","",5239.,5242.,0.
10,"BatchNormalization","2_2/1/conv2_2_expand_bn",8373.,1806336,1806336,0,0,0,144,112,112,144,112,112,"","","","","","","",21888.,21856.,0.
30,"BatchNormalization","3_2/2/conv3_2_dwise_bn",665.,150528,150528,0,0,0,192,28,28,192,28,28,"","","","","","","",1799.,1797.,0.
27,"BatchNormalization","3_2/1/conv3_2_expand_bn",2109.,602112,602112,0,0,0,192,56,56,192,56,56,"","","","","","","",6962.,6961.,0.
21,"BatchNormalization","3_1/2/conv3_1_dwise_bn",2144.,602112,602112,0,0,0,192,56,56,192,56,56,"","","","","","","",6976.,6981.,0.
18,"BatchNormalization","3_1/1/conv3_1_expand_bn",2217.,602112,602112,0,0,0,192,56,56,192,56,56,"","","","","","","",6976.,6978.,0.
137,"BatchNormalization","6_2/3/conv6_2_linear_bn",209.,10976,10976,0,0,0,224,7,7,224,7,7,"","","","","","","",195.,195.,0.
120,"BatchNormalization","5_3/3/conv5_3_linear_bn",220.,10976,10976,0,0,0,224,7,7,224,7,7,"","","","","","","",196.,197.,0.
128,"BatchNormalization","6_1/3/conv6_1_linear_bn",221.,10976,10976,0,0,0,224,7,7,224,7,7,"","","","","","","",196.,197.,0.
56,"BatchNormalization","4_3/2/conv4_3_dwise_bn",369.,56448,56448,0,0,0,288,14,14,288,14,14,"","","","","","","",714.,714.,0.
53,"BatchNormalization","4_3/1/conv4_3_expand_bn",883.,225792,225792,0,0,0,288,28,28,288,28,28,"","","","","","","",2651.,2648.,0.
35,"BatchNormalization","4_1/1/conv4_1_expand_bn",887.,225792,225792,0,0,0,288,28,28,288,28,28,"","","","","","","",2652.,2655.,0.
44,"BatchNormalization","4_2/1/conv4_2_expand_bn",887.,225792,225792,0,0,0,288,28,28,288,28,28,"","","","","","","",2651.,2653.,0.
38,"BatchNormalization","4_1/2/conv4_1_dwise_bn",889.,225792,225792,0,0,0,288,28,28,288,28,28,"","","","","","","",2654.,2649.,0.
47,"BatchNormalization","4_2/2/conv4_2_dwise_bn",891.,225792,225792,0,0,0,288,28,28,288,28,28,"","","","","","","",2654.,2652.,0.
146,"BatchNormalization","6_3/3/conv6_3_linear_bn",262.,21952,21952,0,0,0,448,7,7,448,7,7,"","","","","","","",321.,321.,0.
91,"BatchNormalization","4_7/2/conv4_7_dwise_bn",491.,103488,103488,0,0,0,528,14,14,528,14,14,"","","","","","","",1267.,1258.,0.
64,"BatchNormalization","4_4/2/conv4_4_dwise_bn",512.,103488,103488,0,0,0,528,14,14,528,14,14,"","","","","","","",1261.,1263.,0.
88,"BatchNormalization","4_7/1/conv4_7_expand_bn",526.,103488,103488,0,0,0,528,14,14,528,14,14,"","","","","","","",1262.,1260.,0.
79,"BatchNormalization","4_6/1/conv4_6_expand_bn",535.,103488,103488,0,0,0,528,14,14,528,14,14,"","","","","","","",1262.,1258.,0.
70,"BatchNormalization","4_5/1/conv4_5_expand_bn",536.,103488,103488,0,0,0,528,14,14,528,14,14,"","","","","","","",1258.,1259.,0.
82,"BatchNormalization","4_6/2/conv4_6_dwise_bn",537.,103488,103488,0,0,0,528,14,14,528,14,14,"","","","","","","",1263.,1260.,0.
73,"BatchNormalization","4_5/2/conv4_5_dwise_bn",541.,103488,103488,0,0,0,528,14,14,528,14,14,"","","","","","","",1264.,1266.,0.
61,"BatchNormalization","4_4/1/conv4_4_expand_bn",549.,103488,103488,0,0,0,528,14,14,528,14,14,"","","","","","","",1264.,1262.,0.
117,"BatchNormalization","5_3/2/conv5_3_dwise_bn",316.,39984,39984,0,0,0,816,7,7,816,7,7,"","","","","","","",523.,526.,0.
108,"BatchNormalization","5_2/2/conv5_2_dwise_bn",647.,159936,159936,0,0,0,816,14,14,816,14,14,"","","","","","","",1906.,1902.,0.
99,"BatchNormalization","5_1/2/conv5_1_dwise_bn",651.,159936,159936,0,0,0,816,14,14,816,14,14,"","","","","","","",1903.,1902.,0.
114,"BatchNormalization","5_3/1/conv5_3_expand_bn",714.,159936,159936,0,0,0,816,14,14,816,14,14,"","","","","","","",1905.,1903.,0.
96,"BatchNormalization","5_1/1/conv5_1_expand_bn",716.,159936,159936,0,0,0,816,14,14,816,14,14,"","","","","","","",1903.,1901.,0.
105,"BatchNormalization","5_2/1/conv5_2_expand_bn",716.,159936,159936,0,0,0,816,14,14,816,14,14,"","","","","","","",1900.,1903.,0.
134,"BatchNormalization","6_2/2/conv6_2_dwise_bn",396.,65856,65856,0,0,0,1344,7,7,1344,7,7,"","","","","","","",823.,823.,0.
143,"BatchNormalization","6_3/2/conv6_3_dwise_bn",398.,65856,65856,0,0,0,1344,7,7,1344,7,7,"","","","","","","",826.,827.,0.
125,"BatchNormalization","6_1/2/conv6_1_dwise_bn",403.,65856,65856,0,0,0,1344,7,7,1344,7,7,"","","","","","","",821.,823.,0.
140,"BatchNormalization","6_3/1/conv6_3_expand_bn",449.,65856,65856,0,0,0,1344,7,7,1344,7,7,"","","","","","","",824.,824.,0.
131,"BatchNormalization","6_2/1/conv6_2_expand_bn",456.,65856,65856,0,0,0,1344,7,7,1344,7,7,"","","","","","","",824.,825.,0.
122,"BatchNormalization","6_1/1/conv6_1_expand_bn",459.,65856,65856,0,0,0,1344,7,7,1344,7,7,"","","","","","","",822.,824.,0.
148,"BatchNormalization","6_4/conv6_4_bn",496.,87808,87808,0,0,0,1792,7,7,1792,7,7,"","","","","","","",1077.,1080.,0.
19,"BatchNormalization","2b/bn2b_branch2a",809.,200704,200704,0,0,0,64,56,56,64,56,56,"","","","","","","",2369.,2367.,0.
22,"BatchNormalization","2b/bn2b_branch2b",813.,200704,200704,0,0,0,64,56,56,64,56,56,"","","","","","","",2367.,2367.,0.
12,"BatchNormalization","2a/bn2a_branch2b",815.,200704,200704,0,0,0,64,56,56,64,56,56,"","","","","","","",2368.,2370.,0.
29,"BatchNormalization","2c/bn2c_branch2a",816.,200704,200704,0,0,0,64,56,56,64,56,56,"","","","","","","",2368.,2368.,0.
32,"BatchNormalization","2c/bn2c_branch2b",839.,200704,200704,0,0,0,64,56,56,64,56,56,"","","","","","","",2365.,2364.,0.
9,"BatchNormalization","2a/bn2a_branch2a",841.,200704,200704,0,0,0,64,56,56,64,56,56,"","","","","","","",2367.,2364.,0.
2,"BatchNormalization","bn_conv1",2916.,802816,802816,0,0,0,64,112,112,64,112,112,"","","","","","","",9579.,9375.,0.
44,"BatchNormalization","3a/bn3a_branch2b",518.,100352,100352,0,0,0,128,28,28,128,28,28,"","","","","","","",1231.,1229.,0.
54,"BatchNormalization","3b1/bn3b1_branch2b",532.,100352,100352,0,0,0,128,28,28,128,28,28,"","","","","","","",1229.,1229.,0.
74,"BatchNormalization","3b3/bn3b3_branch2b",532.,100352,100352,0,0,0,128,28,28,128,28,28,"","","","","","","",1229.,1228.,0.
51,"BatchNormalization","3b1/bn3b1_branch2a",533.,100352,100352,0,0,0,128,28,28,128,28,28,"","","","","","","",1230.,1227.,0.
61,"BatchNormalization","3b2/bn3b2_branch2a",534.,100352,100352,0,0,0,128,28,28,128,28,28,"","","","","","","",1228.,1230.,0.
64,"BatchNormalization","3b2/bn3b2_branch2b",537.,100352,100352,0,0,0,128,28,28,128,28,28,"","","","","","","",1231.,1230.,0.
41,"BatchNormalization","3a/bn3a_branch2a",538.,100352,100352,0,0,0,128,28,28,128,28,28,"","","","","","","",1228.,1228.,0.
71,"BatchNormalization","3b3/bn3b3_branch2a",539.,100352,100352,0,0,0,128,28,28,128,28,28,"","","","","","","",1227.,1227.,0.
83,"BatchNormalization","4a/bn4a_branch2a",354.,50176,50176,0,0,0,256,14,14,256,14,14,"","","","","","","",640.,642.,0.
93,"BatchNormalization","4b1/bn4b1_branch2a",355.,50176,50176,0,0,0,256,14,14,256,14,14,"","","","","","","",638.,641.,0.
136,"BatchNormalization","4b5/bn4b5_branch2b",355.,50176,50176,0,0,0,256,14,14,256,14,14,"","","","","","","",641.,641.,0.
96,"BatchNormalization","4b1/bn4b1_branch2b",356.,50176,50176,0,0,0,256,14,14,256,14,14,"","","","","","","",642.,641.,0.
133,"BatchNormalization","4b5/bn4b5_branch2a",356.,50176,50176,0,0,0,256,14,14,256,14,14,"","","","","","","",640.,641.,0.
126,"BatchNormalization","4b4/bn4b4_branch2b",357.,50176,50176,0,0,0,256,14,14,256,14,14,"","","","","","","",640.,643.,0.
163,"BatchNormalization","4b8/bn4b8_branch2a",359.,50176,50176,0,0,0,256,14,14,256,14,14,"","","","","","","",641.,643.,0.
86,"BatchNormalization","4a/bn4a_branch2b",360.,50176,50176,0,0,0,256,14,14,256,14,14,"","","","","","","",639.,644.,0.
103,"BatchNormalization","4b2/bn4b2_branch2a",360.,50176,50176,0,0,0,256,14,14,256,14,14,"","","","","","","",640.,641.,0.
123,"BatchNormalization","4b4/bn4b4_branch2a",360.,50176,50176,0,0,0,256,14,14,256,14,14,"","","","","","","",640.,639.,0.
143,"BatchNormalization","4b6/bn4b6_branch2a",361.,50176,50176,0,0,0,256,14,14,256,14,14,"","","","","","","",642.,642.,0.
183,"BatchNormalization","4b10/bn4b10_branch2a",361.,50176,50176,0,0,0,256,14,14,256,14,14,"","","","","","","",642.,641.,0.
116,"BatchNormalization","4b3/bn4b3_branch2b",363.,50176,50176,0,0,0,256,14,14,256,14,14,"","","","","","","",643.,641.,0.
263,"BatchNormalization","4b18/bn4b18_branch2a",363.,50176,50176,0,0,0,256,14,14,256,14,14,"","","","","","","",645.,642.,0.
213,"BatchNormalization","4b13/bn4b13_branch2a",364.,50176,50176,0,0,0,256,14,14,256,14,14,"","","","","","","",639.,642.,0.
216,"BatchNormalization","4b13/bn4b13_branch2b",366.,50176,50176,0,0,0,256,14,14,256,14,14,"","","","","","","",641.,643.,0.
226,"BatchNormalization","4b14/bn4b14_branch2b",366.,50176,50176,0,0,0,256,14,14,256,14,14,"","","","","","","",645.,643.,0.
286,"BatchNormalization","4b20/bn4b20_branch2b",366.,50176,50176,0,0,0,256,14,14,256,14,14,"","","","","","","",645.,642.,0.
203,"BatchNormalization","4b12/bn4b12_branch2a",367.,50176,50176,0,0,0,256,14,14,256,14,14,"","","","","","","",644.,643.,0.
236,"BatchNormalization","4b15/bn4b15_branch2b",367.,50176,50176,0,0,0,256,14,14,256,14,14,"","","","","","","",641.,641.,0.
256,"BatchNormalization","4b17/bn4b17_branch2b",367.,50176,50176,0,0,0,256,14,14,256,14,14,"","","","","","","",642.,646.,0.
106,"BatchNormalization","4b2/bn4b2_branch2b",368.,50176,50176,0,0,0,256,14,14,256,14,14,"","","","","","","",639.,641.,0.
206,"BatchNormalization","4b12/bn4b12_branch2b",368.,50176,50176,0,0,0,256,14,14,256,14,14,"","","","","","","",643.,642.,0.
246,"BatchNormalization","4b16/bn4b16_branch2b",368.,50176,50176,0,0,0,256,14,14,256,14,14,"","","","","","","",640.,641.,0.
283,"BatchNormalization","4b20/bn4b20_branch2a",368.,50176,50176,0,0,0,256,14,14,256,14,14,"","","","","","","",642.,645.,0.
296,"BatchNormalization","4b21/bn4b21_branch2b",368.,50176,50176,0,0,0,256,14,14,256,14,14,"","","","","","","",641.,644.,0.
196,"BatchNormalization","4b11/bn4b11_branch2b",369.,50176,50176,0,0,0,256,14,14,256,14,14,"","","","","","","",646.,640.,0.
223,"BatchNormalization","4b14/bn4b14_branch2a",369.,50176,50176,0,0,0,256,14,14,256,14,14,"","","","","","","",640.,639.,0.
233,"BatchNormalization","4b15/bn4b15_branch2a",369.,50176,50176,0,0,0,256,14,14,256,14,14,"","","","","","","",644.,645.,0.
253,"BatchNormalization","4b17/bn4b17_branch2a",369.,50176,50176,0,0,0,256,14,14,256,14,14,"","","","","","","",644.,643.,0.
306,"BatchNormalization","4b22/bn4b22_branch2b",369.,50176,50176,0,0,0,256,14,14,256,14,14,"","","","","","","",642.,644.,0.
243,"BatchNormalization","4b16/bn4b16_branch2a",370.,50176,50176,0,0,0,256,14,14,256,14,14,"","","","","","","",643.,641.,0.
113,"BatchNormalization","4b3/bn4b3_branch2a",371.,50176,50176,0,0,0,256,14,14,256,14,14,"","","","","","","",640.,638.,0.
266,"BatchNormalization","4b18/bn4b18_branch2b",371.,50176,50176,0,0,0,256,14,14,256,14,14,"","","","","","","",646.,644.,0.
156,"BatchNormalization","4b7/bn4b7_branch2b",372.,50176,50176,0,0,0,256,14,14,256,14,14,"","","","","","","",642.,643.,0.
186,"BatchNormalization","4b10/bn4b10_branch2b",372.,50176,50176,0,0,0,256,14,14,256,14,14,"","","","","","","",644.,644.,0.
276,"BatchNormalization","4b19/bn4b19_branch2b",372.,50176,50176,0,0,0,256,14,14,256,14,14,"","","","","","","",641.,642.,0.
193,"BatchNormalization","4b11/bn4b11_branch2a",373.,50176,50176,0,0,0,256,14,14,256,14,14,"","","","","","","",642.,642.,0.
293,"BatchNormalization","4b21/bn4b21_branch2a",373.,50176,50176,0,0,0,256,14,14,256,14,14,"","","","","","","",642.,642.,0.
176,"BatchNormalization","4b9/bn4b9_branch2b",374.,50176,50176,0,0,0,256,14,14,256,14,14,"","","","","","","",640.,639.,0.
273,"BatchNormalization","4b19/bn4b19_branch2a",374.,50176,50176,0,0,0,256,14,14,256,14,14,"","","","","","","",642.,642.,0.
166,"BatchNormalization","4b8/bn4b8_branch2b",375.,50176,50176,0,0,0,256,14,14,256,14,14,"","","","","","","",640.,644.,0.
153,"BatchNormalization","4b7/bn4b7_branch2a",377.,50176,50176,0,0,0,256,14,14,256,14,14,"","","","","","","",641.,642.,0.
303,"BatchNormalization","4b22/bn4b22_branch2a",378.,50176,50176,0,0,0,256,14,14,256,14,14,"","","","","","","",641.,641.,0.
173,"BatchNormalization","4b9/bn4b9_branch2a",379.,50176,50176,0,0,0,256,14,14,256,14,14,"","","","","","","",641.,641.,0.
146,"BatchNormalization","4b6/bn4b6_branch2b",513.,50176,50176,0,0,0,256,14,14,256,14,14,"","","","","","","",640.,642.,0.
7,"BatchNormalization","2a/bn2a_branch1",2903.,802816,802816,0,0,0,256,56,56,256,56,56,"","","","","","","",9356.,9348.,0.
35,"BatchNormalization","2c/bn2c_branch2c",2929.,802816,802816,0,0,0,256,56,56,256,56,56,"","","","","","","",9354.,9349.,0.
25,"BatchNormalization","2b/bn2b_branch2c",2996.,802816,802816,0,0,0,256,56,56,256,56,56,"","","","","","","",9365.,9355.,0.
15,"BatchNormalization","2a/bn2a_branch2c",3026.,802816,802816,0,0,0,256,56,56,256,56,56,"","","","","","","",9379.,9367.,0.
328,"BatchNormalization","5b/bn5b_branch2b",286.,25088,25088,0,0,0,512,7,7,512,7,7,"","","","","","","",356.,357.,0.
315,"BatchNormalization","5a/bn5a_branch2a",288.,25088,25088,0,0,0,512,7,7,512,7,7,"","","","","","","",357.,357.,0.
325,"BatchNormalization","5b/bn5b_branch2a",288.,25088,25088,0,0,0,512,7,7,512,7,7,"","","","","","","",356.,355.,0.
338,"BatchNormalization","5c/bn5c_branch2b",289.,25088,25088,0,0,0,512,7,7,512,7,7,"","","","","","","",356.,355.,0.
335,"BatchNormalization","5c/bn5c_branch2a",293.,25088,25088,0,0,0,512,7,7,512,7,7,"","","","","","","",358.,358.,0.
318,"BatchNormalization","5a/bn5a_branch2b",295.,25088,25088,0,0,0,512,7,7,512,7,7,"","","","","","","",355.,359.,0.
47,"BatchNormalization","3a/bn3a_branch2c",1475.,401408,401408,0,0,0,512,28,28,512,28,28,"","","","","","","",4664.,4664.,0.
77,"BatchNormalization","3b3/bn3b3_branch2c",1503.,401408,401408,0,0,0,512,28,28,512,28,28,"","","","","","","",4670.,4662.,0.
67,"BatchNormalization","3b2/bn3b2_branch2c",1545.,401408,401408,0,0,0,512,28,28,512,28,28,"","","","","","","",4667.,4674.,0.
57,"BatchNormalization","3b1/bn3b1_branch2c",1548.,401408,401408,0,0,0,512,28,28,512,28,28,"","","","","","","",4670.,4667.,0.
39,"BatchNormalization","3a/bn3a_branch1",1557.,401408,401408,0,0,0,512,28,28,512,28,28,"","","","","","","",4664.,4670.,0.
119,"BatchNormalization","4b3/bn4b3_branch2c",797.,200704,200704,0,0,0,1024,14,14,1024,14,14,"","","","","","","",2366.,2369.,0.
129,"BatchNormalization","4b4/bn4b4_branch2c",801.,200704,200704,0,0,0,1024,14,14,1024,14,14,"","","","","","","",2366.,2364.,0.
81,"BatchNormalization","4a/bn4a_branch1",809.,200704,200704,0,0,0,1024,14,14,1024,14,14,"","","","","","","",2369.,2367.,0.
89,"BatchNormalization","4a/bn4a_branch2c",809.,200704,200704,0,0,0,1024,14,14,1024,14,14,"","","","","","","",2365.,2364.,0.
259,"BatchNormalization","4b17/bn4b17_branch2c",820.,200704,200704,0,0,0,1024,14,14,1024,14,14,"","","","","","","",2373.,2373.,0.
229,"BatchNormalization","4b14/bn4b14_branch2c",822.,200704,200704,0,0,0,1024,14,14,1024,14,14,"","","","","","","",2371.,2369.,0.
209,"BatchNormalization","4b12/bn4b12_branch2c",824.,200704,200704,0,0,0,1024,14,14,1024,14,14,"","","","","","","",2369.,2365.,0.
309,"BatchNormalization","4b22/bn4b22_branch2c",824.,200704,200704,0,0,0,1024,14,14,1024,14,14,"","","","","","","",2373.,2365.,0.
289,"BatchNormalization","4b20/bn4b20_branch2c",826.,200704,200704,0,0,0,1024,14,14,1024,14,14,"","","","","","","",2374.,2375.,0.
299,"BatchNormalization","4b21/bn4b21_branch2c",827.,200704,200704,0,0,0,1024,14,14,1024,14,14,"","","","","","","",2373.,2364.,0.
219,"BatchNormalization","4b13/bn4b13_branch2c",828.,200704,200704,0,0,0,1024,14,14,1024,14,14,"","","","","","","",2374.,2372.,0.
269,"BatchNormalization","4b18/bn4b18_branch2c",829.,200704,200704,0,0,0,1024,14,14,1024,14,14,"","","","","","","",2371.,2365.,0.
279,"BatchNormalization","4b19/bn4b19_branch2c",829.,200704,200704,0,0,0,1024,14,14,1024,14,14,"","","","","","","",2368.,2367.,0.
249,"BatchNormalization","4b16/bn4b16_branch2c",830.,200704,200704,0,0,0,1024,14,14,1024,14,14,"","","","","","","",2373.,2370.,0.
199,"BatchNormalization","4b11/bn4b11_branch2c",831.,200704,200704,0,0,0,1024,14,14,1024,14,14,"","","","","","","",2370.,2367.,0.
239,"BatchNormalization","4b15/bn4b15_branch2c",831.,200704,200704,0,0,0,1024,14,14,1024,14,14,"","","","","","","",2370.,2371.,0.
99,"BatchNormalization","4b1/bn4b1_branch2c",837.,200704,200704,0,0,0,1024,14,14,1024,14,14,"","","","","","","",2367.,2362.,0.
109,"BatchNormalization","4b2/bn4b2_branch2c",844.,200704,200704,0,0,0,1024,14,14,1024,14,14,"","","","","","","",2367.,2366.,0.
189,"BatchNormalization","4b10/bn4b10_branch2c",860.,200704,200704,0,0,0,1024,14,14,1024,14,14,"","","","","","","",2371.,2371.,0.
159,"BatchNormalization","4b7/bn4b7_branch2c",866.,200704,200704,0,0,0,1024,14,14,1024,14,14,"","","","","","","",2369.,2365.,0.
179,"BatchNormalization","4b9/bn4b9_branch2c",871.,200704,200704,0,0,0,1024,14,14,1024,14,14,"","","","","","","",2368.,2367.,0.
169,"BatchNormalization","4b8/bn4b8_branch2c",872.,200704,200704,0,0,0,1024,14,14,1024,14,14,"","","","","","","",2366.,2368.,0.
149,"BatchNormalization","4b6/bn4b6_branch2c",877.,200704,200704,0,0,0,1024,14,14,1024,14,14,"","","","","","","",2363.,2368.,0.
139,"BatchNormalization","4b5/bn4b5_branch2c",1163.,200704,200704,0,0,0,1024,14,14,1024,14,14,"","","","","","","",2368.,2368.,0.
313,"BatchNormalization","5a/bn5a_branch1",559.,100352,100352,0,0,0,2048,7,7,2048,7,7,"","","","","","","",1230.,1226.,0.
321,"BatchNormalization","5a/bn5a_branch2c",559.,100352,100352,0,0,0,2048,7,7,2048,7,7,"","","","","","","",1231.,1227.,0.
331,"BatchNormalization","5b/bn5b_branch2c",559.,100352,100352,0,0,0,2048,7,7,2048,7,7,"","","","","","","",1226.,1227.,0.
341,"BatchNormalization","5c/bn5c_branch2c",570.,100352,100352,0,0,0,2048,7,7,2048,7,7,"","","","","","","",1226.,1227.,0.
1,"BatchNormalization","bn_data",626.,150528,150528,0,0,0,3,224,224,3,224,224,"","","","","","","",3089.,3093.,0.
6,"BatchNormalization","stage1_unit1/bn1",792.,200704,200704,0,0,0,64,56,56,64,56,56,"","","","","","","",2626.,2627.,0.
9,"BatchNormalization","stage1_unit1/bn2",793.,200704,200704,0,0,0,64,56,56,64,56,56,"","","","","","","",2370.,2371.,0.
20,"BatchNormalization","stage1_unit2/bn2",802.,200704,200704,0,0,0,64,56,56,64,56,56,"","","","","","","",2371.,2367.,0.
30,"BatchNormalization","stage1_unit3/bn2",803.,200704,200704,0,0,0,64,56,56,64,56,56,"","","","","","","",2369.,2367.,0.
12,"BatchNormalization","stage1_unit1/bn3",810.,200704,200704,0,0,0,64,56,56,64,56,56,"","","","","","","",2370.,2365.,0.
33,"BatchNormalization","stage1_unit3/bn3",810.,200704,200704,0,0,0,64,56,56,64,56,56,"","","","","","","",2369.,2367.,0.
23,"BatchNormalization","stage1_unit2/bn3",813.,200704,200704,0,0,0,64,56,56,64,56,56,"","","","","","","",2369.,2368.,0.
3,"BatchNormalization","bn0",2920.,802816,802816,0,0,0,64,112,112,64,112,112,"","","","","","","",10098.,10097.,0.
43,"BatchNormalization","stage2_unit1/bn3",512.,100352,100352,0,0,0,128,28,28,128,28,28,"","","","","","","",1225.,1227.,0.
61,"BatchNormalization","stage2_unit3/bn2",517.,100352,100352,0,0,0,128,28,28,128,28,28,"","","","","","","",1384.,1382.,0.
71,"BatchNormalization","stage2_unit4/bn2",520.,100352,100352,0,0,0,128,28,28,128,28,28,"","","","","","","",1383.,1385.,0.
51,"BatchNormalization","stage2_unit2/bn2",522.,100352,100352,0,0,0,128,28,28,128,28,28,"","","","","","","",1390.,1390.,0.
54,"BatchNormalization","stage2_unit2/bn3",522.,100352,100352,0,0,0,128,28,28,128,28,28,"","","","","","","",1384.,1387.,0.
64,"BatchNormalization","stage2_unit3/bn3",523.,100352,100352,0,0,0,128,28,28,128,28,28,"","","","","","","",1387.,1384.,0.
74,"BatchNormalization","stage2_unit4/bn3",523.,100352,100352,0,0,0,128,28,28,128,28,28,"","","","","","","",1385.,1385.,0.
40,"BatchNormalization","stage2_unit1/bn2",1406.,401408,401408,0,0,0,128,56,56,128,56,56,"","","","","","","",4668.,4667.,0.
95,"BatchNormalization","stage3_unit2/bn3",349.,50176,50176,0,0,0,256,14,14,256,14,14,"","","","","","","",672.,673.,0.
135,"BatchNormalization","stage3_unit6/bn3",355.,50176,50176,0,0,0,256,14,14,256,14,14,"","","","","","","",673.,673.,0.
212,"BatchNormalization","stage3_unit14/bn2",355.,50176,50176,0,0,0,256,14,14,256,14,14,"","","","","","","",641.,642.,0.
225,"BatchNormalization","stage3_unit15/bn3",355.,50176,50176,0,0,0,256,14,14,256,14,14,"","","","","","","",674.,674.,0.
162,"BatchNormalization","stage3_unit9/bn2",356.,50176,50176,0,0,0,256,14,14,256,14,14,"","","","","","","",740.,738.,0.
182,"BatchNormalization","stage3_unit11/bn2",356.,50176,50176,0,0,0,256,14,14,256,14,14,"","","","","","","",641.,642.,0.
192,"BatchNormalization","stage3_unit12/bn2",356.,50176,50176,0,0,0,256,14,14,256,14,14,"","","","","","","",643.,645.,0.
132,"BatchNormalization","stage3_unit6/bn2",357.,50176,50176,0,0,0,256,14,14,256,14,14,"","","","","","","",673.,673.,0.
165,"BatchNormalization","stage3_unit9/bn3",357.,50176,50176,0,0,0,256,14,14,256,14,14,"","","","","","","",739.,739.,0.
265,"BatchNormalization","stage3_unit19/bn3",357.,50176,50176,0,0,0,256,14,14,256,14,14,"","","","","","","",675.,675.,0.
272,"BatchNormalization","stage3_unit20/bn2",357.,50176,50176,0,0,0,256,14,14,256,14,14,"","","","","","","",674.,676.,0.
152,"BatchNormalization","stage3_unit8/bn2",358.,50176,50176,0,0,0,256,14,14,256,14,14,"","","","","","","",671.,675.,0.
175,"BatchNormalization","stage3_unit10/bn3",358.,50176,50176,0,0,0,256,14,14,256,14,14,"","","","","","","",639.,640.,0.
105,"BatchNormalization","stage3_unit3/bn3",359.,50176,50176,0,0,0,256,14,14,256,14,14,"","","","","","","",671.,671.,0.
122,"BatchNormalization","stage3_unit5/bn2",359.,50176,50176,0,0,0,256,14,14,256,14,14,"","","","","","","",675.,673.,0.
155,"BatchNormalization","stage3_unit8/bn3",360.,50176,50176,0,0,0,256,14,14,256,14,14,"","","","","","","",679.,680.,0.
195,"BatchNormalization","stage3_unit12/bn3",360.,50176,50176,0,0,0,256,14,14,256,14,14,"","","","","","","",645.,645.,0.
205,"BatchNormalization","stage3_unit13/bn3",360.,50176,50176,0,0,0,256,14,14,256,14,14,"","","","","","","",642.,642.,0.
84,"BatchNormalization","stage3_unit1/bn3",361.,50176,50176,0,0,0,256,14,14,256,14,14,"","","","","","","",671.,672.,0.
125,"BatchNormalization","stage3_unit5/bn3",361.,50176,50176,0,0,0,256,14,14,256,14,14,"","","","","","","",674.,671.,0.
185,"BatchNormalization","stage3_unit11/bn3",361.,50176,50176,0,0,0,256,14,14,256,14,14,"","","","","","","",640.,644.,0.
202,"BatchNormalization","stage3_unit13/bn2",361.,50176,50176,0,0,0,256,14,14,256,14,14,"","","","","","","",640.,640.,0.
215,"BatchNormalization","stage3_unit14/bn3",361.,50176,50176,0,0,0,256,14,14,256,14,14,"","","","","","","",641.,642.,0.
172,"BatchNormalization","stage3_unit10/bn2",362.,50176,50176,0,0,0,256,14,14,256,14,14,"","","","","","","",642.,642.,0.
102,"BatchNormalization","stage3_unit3/bn2",363.,50176,50176,0,0,0,256,14,14,256,14,14,"","","","","","","",673.,671.,0.
285,"BatchNormalization","stage3_unit21/bn3",363.,50176,50176,0,0,0,256,14,14,256,14,14,"","","","","","","",674.,673.,0.
222,"BatchNormalization","stage3_unit15/bn2",364.,50176,50176,0,0,0,256,14,14,256,14,14,"","","","","","","",642.,644.,0.
232,"BatchNormalization","stage3_unit16/bn2",365.,50176,50176,0,0,0,256,14,14,256,14,14,"","","","","","","",675.,675.,0.
235,"BatchNormalization","stage3_unit16/bn3",365.,50176,50176,0,0,0,256,14,14,256,14,14,"","","","","","","",674.,674.,0.
92,"BatchNormalization","stage3_unit2/bn2",366.,50176,50176,0,0,0,256,14,14,256,14,14,"","","","","","","",672.,671.,0.
112,"BatchNormalization","stage3_unit4/bn2",366.,50176,50176,0,0,0,256,14,14,256,14,14,"","","","","","","",673.,674.,0.
142,"BatchNormalization","stage3_unit7/bn2",366.,50176,50176,0,0,0,256,14,14,256,14,14,"","","","","","","",669.,669.,0.
245,"BatchNormalization","stage3_unit17/bn3",366.,50176,50176,0,0,0,256,14,14,256,14,14,"","","","","","","",674.,675.,0.
275,"BatchNormalization","stage3_unit20/bn3",366.,50176,50176,0,0,0,256,14,14,256,14,14,"","","","","","","",674.,675.,0.
115,"BatchNormalization","stage3_unit4/bn3",367.,50176,50176,0,0,0,256,14,14,256,14,14,"","","","","","","",672.,672.,0.
302,"BatchNormalization","stage3_unit23/bn2",368.,50176,50176,0,0,0,256,14,14,256,14,14,"","","","","","","",675.,673.,0.
305,"BatchNormalization","stage3_unit23/bn3",368.,50176,50176,0,0,0,256,14,14,256,14,14,"","","","","","","",674.,674.,0.
295,"BatchNormalization","stage3_unit22/bn3",369.,50176,50176,0,0,0,256,14,14,256,14,14,"","","","","","","",676.,674.,0.
262,"BatchNormalization","stage3_unit19/bn2",370.,50176,50176,0,0,0,256,14,14,256,14,14,"","","","","","","",673.,673.,0.
252,"BatchNormalization","stage3_unit18/bn2",371.,50176,50176,0,0,0,256,14,14,256,14,14,"","","","","","","",675.,675.,0.
255,"BatchNormalization","stage3_unit18/bn3",371.,50176,50176,0,0,0,256,14,14,256,14,14,"","","","","","","",674.,674.,0.
282,"BatchNormalization","stage3_unit21/bn2",371.,50176,50176,0,0,0,256,14,14,256,14,14,"","","","","","","",674.,674.,0.
145,"BatchNormalization","stage3_unit7/bn3",372.,50176,50176,0,0,0,256,14,14,256,14,14,"","","","","","","",673.,672.,0.
242,"BatchNormalization","stage3_unit17/bn2",372.,50176,50176,0,0,0,256,14,14,256,14,14,"","","","","","","",675.,673.,0.
292,"BatchNormalization","stage3_unit22/bn2",372.,50176,50176,0,0,0,256,14,14,256,14,14,"","","","","","","",674.,674.,0.
81,"BatchNormalization","stage3_unit1/bn2",816.,200704,200704,0,0,0,256,28,28,256,28,28,"","","","","","","",2621.,2625.,0.
37,"BatchNormalization","stage2_unit1/bn1",2973.,802816,802816,0,0,0,256,56,56,256,56,56,"","","","","","","",9275.,9290.,0.
27,"BatchNormalization","stage1_unit3/bn1",2974.,802816,802816,0,0,0,256,56,56,256,56,56,"","","","","","","",9283.,9287.,0.
17,"BatchNormalization","stage1_unit2/bn1",2985.,802816,802816,0,0,0,256,56,56,256,56,56,"","","","","","","",9284.,9287.,0.
333,"BatchNormalization","stage4_unit3/bn2",280.,25088,25088,0,0,0,512,7,7,512,7,7,"","","","","","","",374.,373.,0.
323,"BatchNormalization","stage4_unit2/bn2",286.,25088,25088,0,0,0,512,7,7,512,7,7,"","","","","","","",375.,374.,0.
326,"BatchNormalization","stage4_unit2/bn3",287.,25088,25088,0,0,0,512,7,7,512,7,7,"","","","","","","",374.,375.,0.
336,"BatchNormalization","stage4_unit3/bn3",289.,25088,25088,0,0,0,512,7,7,512,7,7,"","","","","","","",376.,375.,0.
315,"BatchNormalization","stage4_unit1/bn3",290.,25088,25088,0,0,0,512,7,7,512,7,7,"","","","","","","",375.,376.,0.
312,"BatchNormalization","stage4_unit1/bn2",535.,100352,100352,0,0,0,512,14,14,512,14,14,"","","","","","","",1258.,1256.,0.
78,"BatchNormalization","stage3_unit1/bn1",1396.,401408,401408,0,0,0,512,28,28,512,28,28,"","","","","","","",5121.,5124.,0.
58,"BatchNormalization","stage2_unit3/bn1",1397.,401408,401408,0,0,0,512,28,28,512,28,28,"","","","","","","",4863.,4847.,0.
68,"BatchNormalization","stage2_unit4/bn1",1400.,401408,401408,0,0,0,512,28,28,512,28,28,"","","","","","","",5115.,5123.,0.
48,"BatchNormalization","stage2_unit2/bn1",1412.,401408,401408,0,0,0,512,28,28,512,28,28,"","","","","","","",4663.,4682.,0.
119,"BatchNormalization","stage3_unit5/bn1",771.,200704,200704,0,0,0,1024,14,14,1024,14,14,"","","","","","","",2399.,2397.,0.
139,"BatchNormalization","stage3_unit7/bn1",771.,200704,200704,0,0,0,1024,14,14,1024,14,14,"","","","","","","",2396.,2399.,0.
89,"BatchNormalization","stage3_unit2/bn1",773.,200704,200704,0,0,0,1024,14,14,1024,14,14,"","","","","","","",2395.,2395.,0.
109,"BatchNormalization","stage3_unit4/bn1",777.,200704,200704,0,0,0,1024,14,14,1024,14,14,"","","","","","","",2399.,2393.,0.
99,"BatchNormalization","stage3_unit3/bn1",779.,200704,200704,0,0,0,1024,14,14,1024,14,14,"","","","","","","",2395.,2397.,0.
239,"BatchNormalization","stage3_unit17/bn1",782.,200704,200704,0,0,0,1024,14,14,1024,14,14,"","","","","","","",2398.,2398.,0.
279,"BatchNormalization","stage3_unit21/bn1",783.,200704,200704,0,0,0,1024,14,14,1024,14,14,"","","","","","","",2401.,2398.,0.
269,"BatchNormalization","stage3_unit20/bn1",784.,200704,200704,0,0,0,1024,14,14,1024,14,14,"","","","","","","",2397.,2399.,0.
229,"BatchNormalization","stage3_unit16/bn1",786.,200704,200704,0,0,0,1024,14,14,1024,14,14,"","","","","","","",2399.,2400.,0.
259,"BatchNormalization","stage3_unit19/bn1",786.,200704,200704,0,0,0,1024,14,14,1024,14,14,"","","","","","","",2399.,2397.,0.
249,"BatchNormalization","stage3_unit18/bn1",788.,200704,200704,0,0,0,1024,14,14,1024,14,14,"","","","","","","",2398.,2398.,0.
289,"BatchNormalization","stage3_unit22/bn1",790.,200704,200704,0,0,0,1024,14,14,1024,14,14,"","","","","","","",2396.,2398.,0.
179,"BatchNormalization","stage3_unit11/bn1",808.,200704,200704,0,0,0,1024,14,14,1024,14,14,"","","","","","","",2368.,2368.,0.
199,"BatchNormalization","stage3_unit13/bn1",808.,200704,200704,0,0,0,1024,14,14,1024,14,14,"","","","","","","",2365.,2367.,0.
209,"BatchNormalization","stage3_unit14/bn1",810.,200704,200704,0,0,0,1024,14,14,1024,14,14,"","","","","","","",2366.,2369.,0.
129,"BatchNormalization","stage3_unit6/bn1",811.,200704,200704,0,0,0,1024,14,14,1024,14,14,"","","","","","","",2394.,2395.,0.
159,"BatchNormalization","stage3_unit9/bn1",811.,200704,200704,0,0,0,1024,14,14,1024,14,14,"","","","","","","",2460.,2465.,0.
169,"BatchNormalization","stage3_unit10/bn1",811.,200704,200704,0,0,0,1024,14,14,1024,14,14,"","","","","","","",2602.,2612.,0.
149,"BatchNormalization","stage3_unit8/bn1",813.,200704,200704,0,0,0,1024,14,14,1024,14,14,"","","","","","","",2396.,2400.,0.
189,"BatchNormalization","stage3_unit12/bn1",813.,200704,200704,0,0,0,1024,14,14,1024,14,14,"","","","","","","",2364.,2370.,0.
219,"BatchNormalization","stage3_unit15/bn1",813.,200704,200704,0,0,0,1024,14,14,1024,14,14,"","","","","","","",2367.,2367.,0.
299,"BatchNormalization","stage3_unit23/bn1",819.,200704,200704,0,0,0,1024,14,14,1024,14,14,"","","","","","","",2399.,2401.,0.
309,"BatchNormalization","stage4_unit1/bn1",819.,200704,200704,0,0,0,1024,14,14,1024,14,14,"","","","","","","",2396.,2395.,0.
340,"BatchNormalization","bn1",500.,100352,100352,0,0,0,2048,7,7,2048,7,7,"","","","","","","",1257.,1257.,0.
330,"BatchNormalization","stage4_unit3/bn1",525.,100352,100352,0,0,0,2048,7,7,2048,7,7,"","","","","","","",1258.,1258.,0.
320,"BatchNormalization","stage4_unit2/bn1",547.,100352,100352,0,0,0,2048,7,7,2048,7,7,"","","","","","","",1257.,1257.,0.
9,"BatchNormalization","2a/bn2a_branch2a",813.,200704,200704,0,0,0,64,56,56,64,56,56,"","","","","","","",2378.,2378.,0.
12,"BatchNormalization","2a/bn2a_branch2b",813.,200704,200704,0,0,0,64,56,56,64,56,56,"","","","","","","",2378.,2379.,0.
32,"BatchNormalization","2c/bn2c_branch2b",815.,200704,200704,0,0,0,64,56,56,64,56,56,"","","","","","","",2373.,2381.,0.
19,"BatchNormalization","2b/bn2b_branch2a",829.,200704,200704,0,0,0,64,56,56,64,56,56,"","","","","","","",2387.,2390.,0.
22,"BatchNormalization","2b/bn2b_branch2b",829.,200704,200704,0,0,0,64,56,56,64,56,56,"","","","","","","",2377.,2373.,0.
29,"BatchNormalization","2c/bn2c_branch2a",835.,200704,200704,0,0,0,64,56,56,64,56,56,"","","","","","","",2375.,2377.,0.
2,"BatchNormalization","bn_conv1",3119.,802816,802816,0,0,0,64,112,112,64,112,112,"","","","","","","",9323.,9316.,0.
64,"BatchNormalization","3b2/bn3b2_branch2b",515.,100352,100352,0,0,0,128,28,28,128,28,28,"","","","","","","",1230.,1236.,0.
54,"BatchNormalization","3b1/bn3b1_branch2b",516.,100352,100352,0,0,0,128,28,28,128,28,28,"","","","","","","",1236.,1234.,0.
104,"BatchNormalization","3b6/bn3b6_branch2b",516.,100352,100352,0,0,0,128,28,28,128,28,28,"","","","","","","",1233.,1231.,0.
114,"BatchNormalization","3b7/bn3b7_branch2b",516.,100352,100352,0,0,0,128,28,28,128,28,28,"","","","","","","",1231.,1233.,0.
74,"BatchNormalization","3b3/bn3b3_branch2b",517.,100352,100352,0,0,0,128,28,28,128,28,28,"","","","","","","",1233.,1237.,0.
81,"BatchNormalization","3b4/bn3b4_branch2a",521.,100352,100352,0,0,0,128,28,28,128,28,28,"","","","","","","",1232.,1235.,0.
111,"BatchNormalization","3b7/bn3b7_branch2a",522.,100352,100352,0,0,0,128,28,28,128,28,28,"","","","","","","",1232.,1232.,0.
71,"BatchNormalization","3b3/bn3b3_branch2a",526.,100352,100352,0,0,0,128,28,28,128,28,28,"","","","","","","",1231.,1234.,0.
61,"BatchNormalization","3b2/bn3b2_branch2a",530.,100352,100352,0,0,0,128,28,28,128,28,28,"","","","","","","",1232.,1234.,0.
94,"BatchNormalization","3b5/bn3b5_branch2b",531.,100352,100352,0,0,0,128,28,28,128,28,28,"","","","","","","",1236.,1234.,0.
84,"BatchNormalization","3b4/bn3b4_branch2b",532.,100352,100352,0,0,0,128,28,28,128,28,28,"","","","","","","",1232.,1233.,0.
44,"BatchNormalization","3a/bn3a_branch2b",535.,100352,100352,0,0,0,128,28,28,128,28,28,"","","","","","","",1234.,1233.,0.
41,"BatchNormalization","3a/bn3a_branch2a",537.,100352,100352,0,0,0,128,28,28,128,28,28,"","","","","","","",1232.,1235.,0.
101,"BatchNormalization","3b6/bn3b6_branch2a",538.,100352,100352,0,0,0,128,28,28,128,28,28,"","","","","","","",1232.,1235.,0.
51,"BatchNormalization","3b1/bn3b1_branch2a",540.,100352,100352,0,0,0,128,28,28,128,28,28,"","","","","","","",1232.,1234.,0.
91,"BatchNormalization","3b5/bn3b5_branch2a",543.,100352,100352,0,0,0,128,28,28,128,28,28,"","","","","","","",1233.,1235.,0.
433,"BatchNormalization","4b31/bn4b31_branch2a",345.,50176,50176,0,0,0,256,14,14,256,14,14,"","","","","","","",655.,652.,0.
336,"BatchNormalization","4b21/bn4b21_branch2b",346.,50176,50176,0,0,0,256,14,14,256,14,14,"","","","","","","",678.,680.,0.
466,"BatchNormalization","4b34/bn4b34_branch2b",346.,50176,50176,0,0,0,256,14,14,256,14,14,"","","","","","","",650.,649.,0.
293,"BatchNormalization","4b17/bn4b17_branch2a",348.,50176,50176,0,0,0,256,14,14,256,14,14,"","","","","","","",682.,681.,0.
303,"BatchNormalization","4b18/bn4b18_branch2a",349.,50176,50176,0,0,0,256,14,14,256,14,14,"","","","","","","",680.,678.,0.
426,"BatchNormalization","4b30/bn4b30_branch2b",349.,50176,50176,0,0,0,256,14,14,256,14,14,"","","","","","","",651.,649.,0.
296,"BatchNormalization","4b17/bn4b17_branch2b",351.,50176,50176,0,0,0,256,14,14,256,14,14,"","","","","","","",679.,677.,0.
313,"BatchNormalization","4b19/bn4b19_branch2a",351.,50176,50176,0,0,0,256,14,14,256,14,14,"","","","","","","",683.,680.,0.
326,"BatchNormalization","4b20/bn4b20_branch2b",351.,50176,50176,0,0,0,256,14,14,256,14,14,"","","","","","","",682.,682.,0.
343,"BatchNormalization","4b22/bn4b22_branch2a",351.,50176,50176,0,0,0,256,14,14,256,14,14,"","","","","","","",682.,679.,0.
386,"BatchNormalization","4b26/bn4b26_branch2b",351.,50176,50176,0,0,0,256,14,14,256,14,14,"","","","","","","",651.,649.,0.
416,"BatchNormalization","4b29/bn4b29_branch2b",351.,50176,50176,0,0,0,256,14,14,256,14,14,"","","","","","","",652.,649.,0.
443,"BatchNormalization","4b32/bn4b32_branch2a",351.,50176,50176,0,0,0,256,14,14,256,14,14,"","","","","","","",651.,650.,0.
306,"BatchNormalization","4b18/bn4b18_branch2b",352.,50176,50176,0,0,0,256,14,14,256,14,14,"","","","","","","",680.,679.,0.
316,"BatchNormalization","4b19/bn4b19_branch2b",352.,50176,50176,0,0,0,256,14,14,256,14,14,"","","","","","","",682.,681.,0.
323,"BatchNormalization","4b20/bn4b20_branch2a",352.,50176,50176,0,0,0,256,14,14,256,14,14,"","","","","","","",682.,681.,0.
353,"BatchNormalization","4b23/bn4b23_branch2a",352.,50176,50176,0,0,0,256,14,14,256,14,14,"","","","","","","",681.,681.,0.
363,"BatchNormalization","4b24/bn4b24_branch2a",352.,50176,50176,0,0,0,256,14,14,256,14,14,"","","","","","","",679.,680.,0.
423,"BatchNormalization","4b30/bn4b30_branch2a",352.,50176,50176,0,0,0,256,14,14,256,14,14,"","","","","","","",652.,652.,0.
436,"BatchNormalization","4b31/bn4b31_branch2b",352.,50176,50176,0,0,0,256,14,14,256,14,14,"","","","","","","",652.,651.,0.
333,"BatchNormalization","4b21/bn4b21_branch2a",353.,50176,50176,0,0,0,256,14,14,256,14,14,"","","","","","","",683.,680.,0.
356,"BatchNormalization","4b23/bn4b23_branch2b",353.,50176,50176,0,0,0,256,14,14,256,14,14,"","","","","","","",681.,679.,0.
346,"BatchNormalization","4b22/bn4b22_branch2b",354.,50176,50176,0,0,0,256,14,14,256,14,14,"","","","","","","",680.,677.,0.
453,"BatchNormalization","4b33/bn4b33_branch2a",355.,50176,50176,0,0,0,256,14,14,256,14,14,"","","","","","","",652.,651.,0.
456,"BatchNormalization","4b33/bn4b33_branch2b",355.,50176,50176,0,0,0,256,14,14,256,14,14,"","","","","","","",651.,650.,0.
176,"BatchNormalization","4b5/bn4b5_branch2b",356.,50176,50176,0,0,0,256,14,14,256,14,14,"","","","","","","",653.,650.,0.
406,"BatchNormalization","4b28/bn4b28_branch2b",356.,50176,50176,0,0,0,256,14,14,256,14,14,"","","","","","","",649.,651.,0.
206,"BatchNormalization","4b8/bn4b8_branch2b",358.,50176,50176,0,0,0,256,14,14,256,14,14,"","","","","","","",655.,653.,0.
403,"BatchNormalization","4b28/bn4b28_branch2a",358.,50176,50176,0,0,0,256,14,14,256,14,14,"","","","","","","",651.,651.,0.
203,"BatchNormalization","4b8/bn4b8_branch2a",359.,50176,50176,0,0,0,256,14,14,256,14,14,"","","","","","","",654.,652.,0.
263,"BatchNormalization","4b14/bn4b14_branch2a",359.,50176,50176,0,0,0,256,14,14,256,14,14,"","","","","","","",680.,680.,0.
166,"BatchNormalization","4b4/bn4b4_branch2b",360.,50176,50176,0,0,0,256,14,14,256,14,14,"","","","","","","",653.,656.,0.
476,"BatchNormalization","4b35/bn4b35_branch2b",360.,50176,50176,0,0,0,256,14,14,256,14,14,"","","","","","","",649.,650.,0.
153,"BatchNormalization","4b3/bn4b3_branch2a",361.,50176,50176,0,0,0,256,14,14,256,14,14,"","","","","","","",680.,679.,0.
366,"BatchNormalization","4b24/bn4b24_branch2b",361.,50176,50176,0,0,0,256,14,14,256,14,14,"","","","","","","",682.,680.,0.
393,"BatchNormalization","4b27/bn4b27_branch2a",361.,50176,50176,0,0,0,256,14,14,256,14,14,"","","","","","","",651.,650.,0.
126,"BatchNormalization","4a/bn4a_branch2b",362.,50176,50176,0,0,0,256,14,14,256,14,14,"","","","","","","",654.,652.,0.
133,"BatchNormalization","4b1/bn4b1_branch2a",362.,50176,50176,0,0,0,256,14,14,256,14,14,"","","","","","","",681.,679.,0.
136,"BatchNormalization","4b1/bn4b1_branch2b",362.,50176,50176,0,0,0,256,14,14,256,14,14,"","","","","","","",678.,679.,0.
156,"BatchNormalization","4b3/bn4b3_branch2b",362.,50176,50176,0,0,0,256,14,14,256,14,14,"","","","","","","",678.,677.,0.
286,"BatchNormalization","4b16/bn4b16_branch2b",362.,50176,50176,0,0,0,256,14,14,256,14,14,"","","","","","","",681.,678.,0.
413,"BatchNormalization","4b29/bn4b29_branch2a",362.,50176,50176,0,0,0,256,14,14,256,14,14,"","","","","","","",652.,648.,0.
463,"BatchNormalization","4b34/bn4b34_branch2a",362.,50176,50176,0,0,0,256,14,14,256,14,14,"","","","","","","",651.,652.,0.
143,"BatchNormalization","4b2/bn4b2_branch2a",363.,50176,50176,0,0,0,256,14,14,256,14,14,"","","","","","","",680.,681.,0.
236,"BatchNormalization","4b11/bn4b11_branch2b",363.,50176,50176,0,0,0,256,14,14,256,14,14,"","","","","","","",649.,651.,0.
446,"BatchNormalization","4b32/bn4b32_branch2b",363.,50176,50176,0,0,0,256,14,14,256,14,14,"","","","","","","",653.,649.,0.
173,"BatchNormalization","4b5/bn4b5_branch2a",364.,50176,50176,0,0,0,256,14,14,256,14,14,"","","","","","","",654.,651.,0.
146,"BatchNormalization","4b2/bn4b2_branch2b",365.,50176,50176,0,0,0,256,14,14,256,14,14,"","","","","","","",677.,679.,0.
163,"BatchNormalization","4b4/bn4b4_branch2a",365.,50176,50176,0,0,0,256,14,14,256,14,14,"","","","","","","",656.,652.,0.
276,"BatchNormalization","4b15/bn4b15_branch2b",365.,50176,50176,0,0,0,256,14,14,256,14,14,"","","","","","","",680.,679.,0.
186,"BatchNormalization","4b6/bn4b6_branch2b",366.,50176,50176,0,0,0,256,14,14,256,14,14,"","","","","","","",650.,651.,0.
223,"BatchNormalization","4b10/bn4b10_branch2a",366.,50176,50176,0,0,0,256,14,14,256,14,14,"","","","","","","",651.,653.,0.
243,"BatchNormalization","4b12/bn4b12_branch2a",366.,50176,50176,0,0,0,256,14,14,256,14,14,"","","","","","","",653.,654.,0.
283,"BatchNormalization","4b16/bn4b16_branch2a",366.,50176,50176,0,0,0,256,14,14,256,14,14,"","","","","","","",681.,679.,0.
376,"BatchNormalization","4b25/bn4b25_branch2b",366.,50176,50176,0,0,0,256,14,14,256,14,14,"","","","","","","",660.,660.,0.
123,"BatchNormalization","4a/bn4a_branch2a",367.,50176,50176,0,0,0,256,14,14,256,14,14,"","","","","","","",653.,654.,0.
183,"BatchNormalization","4b6/bn4b6_branch2a",367.,50176,50176,0,0,0,256,14,14,256,14,14,"","","","","","","",658.,656.,0.
246,"BatchNormalization","4b12/bn4b12_branch2b",367.,50176,50176,0,0,0,256,14,14,256,14,14,"","","","","","","",652.,652.,0.
383,"BatchNormalization","4b26/bn4b26_branch2a",367.,50176,50176,0,0,0,256,14,14,256,14,14,"","","","","","","",647.,651.,0.
396,"BatchNormalization","4b27/bn4b27_branch2b",367.,50176,50176,0,0,0,256,14,14,256,14,14,"","","","","","","",648.,650.,0.
196,"BatchNormalization","4b7/bn4b7_branch2b",368.,50176,50176,0,0,0,256,14,14,256,14,14,"","","","","","","",652.,652.,0.
233,"BatchNormalization","4b11/bn4b11_branch2a",368.,50176,50176,0,0,0,256,14,14,256,14,14,"","","","","","","",654.,652.,0.
253,"BatchNormalization","4b13/bn4b13_branch2a",368.,50176,50176,0,0,0,256,14,14,256,14,14,"","","","","","","",653.,651.,0.
193,"BatchNormalization","4b7/bn4b7_branch2a",369.,50176,50176,0,0,0,256,14,14,256,14,14,"","","","","","","",652.,658.,0.
213,"BatchNormalization","4b9/bn4b9_branch2a",369.,50176,50176,0,0,0,256,14,14,256,14,14,"","","","","","","",650.,651.,0.
216,"BatchNormalization","4b9/bn4b9_branch2b",370.,50176,50176,0,0,0,256,14,14,256,14,14,"","","","","","","",655.,650.,0.
256,"BatchNormalization","4b13/bn4b13_branch2b",370.,50176,50176,0,0,0,256,14,14,256,14,14,"","","","","","","",679.,681.,0.
226,"BatchNormalization","4b10/bn4b10_branch2b",375.,50176,50176,0,0,0,256,14,14,256,14,14,"","","","","","","",649.,651.,0.
473,"BatchNormalization","4b35/bn4b35_branch2a",500.,50176,50176,0,0,0,256,14,14,256,14,14,"","","","","","","",653.,650.,0.
266,"BatchNormalization","4b14/bn4b14_branch2b",504.,50176,50176,0,0,0,256,14,14,256,14,14,"","","","","","","",680.,678.,0.
273,"BatchNormalization","4b15/bn4b15_branch2a",506.,50176,50176,0,0,0,256,14,14,256,14,14,"","","","","","","",680.,680.,0.
373,"BatchNormalization","4b25/bn4b25_branch2a",509.,50176,50176,0,0,0,256,14,14,256,14,14,"","","","","","","",679.,679.,0.
35,"BatchNormalization","2c/bn2c_branch2c",2954.,802816,802816,0,0,0,256,56,56,256,56,56,"","","","","","","",9321.,9315.,0.
7,"BatchNormalization","2a/bn2a_branch1",3018.,802816,802816,0,0,0,256,56,56,256,56,56,"","","","","","","",9317.,9324.,0.
25,"BatchNormalization","2b/bn2b_branch2c",3038.,802816,802816,0,0,0,256,56,56,256,56,56,"","","","","","","",9322.,9324.,0.
15,"BatchNormalization","2a/bn2a_branch2c",3169.,802816,802816,0,0,0,256,56,56,256,56,56,"","","","","","","",9324.,9311.,0.
498,"BatchNormalization","5b/bn5b_branch2b",272.,25088,25088,0,0,0,512,7,7,512,7,7,"","","","","","","",355.,356.,0.
488,"BatchNormalization","5a/bn5a_branch2b",286.,25088,25088,0,0,0,512,7,7,512,7,7,"","","","","","","",356.,356.,0.
485,"BatchNormalization","5a/bn5a_branch2a",289.,25088,25088,0,0,0,512,7,7,512,7,7,"","","","","","","",356.,357.,0.
495,"BatchNormalization","5b/bn5b_branch2a",290.,25088,25088,0,0,0,512,7,7,512,7,7,"","","","","","","",355.,355.,0.
505,"BatchNormalization","5c/bn5c_branch2a",290.,25088,25088,0,0,0,512,7,7,512,7,7,"","","","","","","",357.,354.,0.
508,"BatchNormalization","5c/bn5c_branch2b",399.,25088,25088,0,0,0,512,7,7,512,7,7,"","","","","","","",355.,356.,0.
77,"BatchNormalization","3b3/bn3b3_branch2c",1401.,401408,401408,0,0,0,512,28,28,512,28,28,"","","","","","","",4676.,4674.,0.
117,"BatchNormalization","3b7/bn3b7_branch2c",1402.,401408,401408,0,0,0,512,28,28,512,28,28,"","","","","","","",4683.,4673.,0.
57,"BatchNormalization","3b1/bn3b1_branch2c",1406.,401408,401408,0,0,0,512,28,28,512,28,28,"","","","","","","",4672.,4674.,0.
67,"BatchNormalization","3b2/bn3b2_branch2c",1407.,401408,401408,0,0,0,512,28,28,512,28,28,"","","","","","","",4674.,4671.,0.
107,"BatchNormalization","3b6/bn3b6_branch2c",1407.,401408,401408,0,0,0,512,28,28,512,28,28,"","","","","","","",4674.,4675.,0.
87,"BatchNormalization","3b4/bn3b4_branch2c",1409.,401408,401408,0,0,0,512,28,28,512,28,28,"","","","","","","",4678.,4679.,0.
39,"BatchNormalization","3a/bn3a_branch1",1414.,401408,401408,0,0,0,512,28,28,512,28,28,"","","","","","","",4670.,4677.,0.
97,"BatchNormalization","3b5/bn3b5_branch2c",1475.,401408,401408,0,0,0,512,28,28,512,28,28,"","","","","","","",4682.,4671.,0.
47,"BatchNormalization","3a/bn3a_branch2c",1482.,401408,401408,0,0,0,512,28,28,512,28,28,"","","","","","","",4676.,4674.,0.
369,"BatchNormalization","4b24/bn4b24_branch2c",797.,200704,200704,0,0,0,1024,14,14,1024,14,14,"","","","","","","",2404.,2407.,0.
299,"BatchNormalization","4b17/bn4b17_branch2c",807.,200704,200704,0,0,0,1024,14,14,1024,14,14,"","","","","","","",2407.,2408.,0.
309,"BatchNormalization","4b18/bn4b18_branch2c",808.,200704,200704,0,0,0,1024,14,14,1024,14,14,"","","","","","","",2410.,2409.,0.
339,"BatchNormalization","4b21/bn4b21_branch2c",808.,200704,200704,0,0,0,1024,14,14,1024,14,14,"","","","","","","",2408.,2406.,0.
209,"BatchNormalization","4b8/bn4b8_branch2c",809.,200704,200704,0,0,0,1024,14,14,1024,14,14,"","","","","","","",2379.,2374.,0.
319,"BatchNormalization","4b19/bn4b19_branch2c",809.,200704,200704,0,0,0,1024,14,14,1024,14,14,"","","","","","","",2406.,2408.,0.
329,"BatchNormalization","4b20/bn4b20_branch2c",809.,200704,200704,0,0,0,1024,14,14,1024,14,14,"","","","","","","",2406.,2409.,0.
349,"BatchNormalization","4b22/bn4b22_branch2c",809.,200704,200704,0,0,0,1024,14,14,1024,14,14,"","","","","","","",2409.,2405.,0.
419,"BatchNormalization","4b29/bn4b29_branch2c",809.,200704,200704,0,0,0,1024,14,14,1024,14,14,"","","","","","","",2380.,2375.,0.
239,"BatchNormalization","4b11/bn4b11_branch2c",810.,200704,200704,0,0,0,1024,14,14,1024,14,14,"","","","","","","",2379.,2372.,0.
359,"BatchNormalization","4b23/bn4b23_branch2c",810.,200704,200704,0,0,0,1024,14,14,1024,14,14,"","","","","","","",2408.,2406.,0.
439,"BatchNormalization","4b31/bn4b31_branch2c",810.,200704,200704,0,0,0,1024,14,14,1024,14,14,"","","","","","","",2371.,2370.,0.
179,"BatchNormalization","4b5/bn4b5_branch2c",817.,200704,200704,0,0,0,1024,14,14,1024,14,14,"","","","","","","",2376.,2375.,0.
121,"BatchNormalization","4a/bn4a_branch1",821.,200704,200704,0,0,0,1024,14,14,1024,14,14,"","","","","","","",2381.,2379.,0.
159,"BatchNormalization","4b3/bn4b3_branch2c",823.,200704,200704,0,0,0,1024,14,14,1024,14,14,"","","","","","","",2400.,2401.,0.
139,"BatchNormalization","4b1/bn4b1_branch2c",827.,200704,200704,0,0,0,1024,14,14,1024,14,14,"","","","","","","",2401.,2401.,0.
129,"BatchNormalization","4a/bn4a_branch2c",829.,200704,200704,0,0,0,1024,14,14,1024,14,14,"","","","","","","",2401.,2402.,0.
149,"BatchNormalization","4b2/bn4b2_branch2c",829.,200704,200704,0,0,0,1024,14,14,1024,14,14,"","","","","","","",2401.,2401.,0.
169,"BatchNormalization","4b4/bn4b4_branch2c",829.,200704,200704,0,0,0,1024,14,14,1024,14,14,"","","","","","","",2378.,2375.,0.
399,"BatchNormalization","4b27/bn4b27_branch2c",830.,200704,200704,0,0,0,1024,14,14,1024,14,14,"","","","","","","",2380.,2377.,0.
479,"BatchNormalization","4b35/bn4b35_branch2c",833.,200704,200704,0,0,0,1024,14,14,1024,14,14,"","","","","","","",2377.,2377.,0.
469,"BatchNormalization","4b34/bn4b34_branch2c",843.,200704,200704,0,0,0,1024,14,14,1024,14,14,"","","","","","","",2374.,2378.,0.
269,"BatchNormalization","4b14/bn4b14_branch2c",844.,200704,200704,0,0,0,1024,14,14,1024,14,14,"","","","","","","",2408.,2404.,0.
219,"BatchNormalization","4b9/bn4b9_branch2c",845.,200704,200704,0,0,0,1024,14,14,1024,14,14,"","","","","","","",2376.,2374.,0.
279,"BatchNormalization","4b15/bn4b15_branch2c",845.,200704,200704,0,0,0,1024,14,14,1024,14,14,"","","","","","","",2407.,2405.,0.
429,"BatchNormalization","4b30/bn4b30_branch2c",845.,200704,200704,0,0,0,1024,14,14,1024,14,14,"","","","","","","",2374.,2375.,0.
379,"BatchNormalization","4b25/bn4b25_branch2c",846.,200704,200704,0,0,0,1024,14,14,1024,14,14,"","","","","","","",2401.,2400.,0.
389,"BatchNormalization","4b26/bn4b26_branch2c",847.,200704,200704,0,0,0,1024,14,14,1024,14,14,"","","","","","","",2376.,2375.,0.
459,"BatchNormalization","4b33/bn4b33_branch2c",847.,200704,200704,0,0,0,1024,14,14,1024,14,14,"","","","","","","",2380.,2380.,0.
289,"BatchNormalization","4b16/bn4b16_branch2c",849.,200704,200704,0,0,0,1024,14,14,1024,14,14,"","","","","","","",2406.,2407.,0.
409,"BatchNormalization","4b28/bn4b28_branch2c",849.,200704,200704,0,0,0,1024,14,14,1024,14,14,"","","","","","","",2377.,2379.,0.
449,"BatchNormalization","4b32/bn4b32_branch2c",849.,200704,200704,0,0,0,1024,14,14,1024,14,14,"","","","","","","",2372.,2372.,0.
199,"BatchNormalization","4b7/bn4b7_branch2c",854.,200704,200704,0,0,0,1024,14,14,1024,14,14,"","","","","","","",2610.,2383.,0.
249,"BatchNormalization","4b12/bn4b12_branch2c",854.,200704,200704,0,0,0,1024,14,14,1024,14,14,"","","","","","","",2375.,2376.,0.
189,"BatchNormalization","4b6/bn4b6_branch2c",859.,200704,200704,0,0,0,1024,14,14,1024,14,14,"","","","","","","",2377.,2376.,0.
229,"BatchNormalization","4b10/bn4b10_branch2c",862.,200704,200704,0,0,0,1024,14,14,1024,14,14,"","","","","","","",2378.,2374.,0.
259,"BatchNormalization","4b13/bn4b13_branch2c",1118.,200704,200704,0,0,0,1024,14,14,1024,14,14,"","","","","","","",2406.,2408.,0.
501,"BatchNormalization","5b/bn5b_branch2c",587.,100352,100352,0,0,0,2048,7,7,2048,7,7,"","","","","","","",1228.,1233.,0.
511,"BatchNormalization","5c/bn5c_branch2c",588.,100352,100352,0,0,0,2048,7,7,2048,7,7,"","","","","","","",1231.,1229.,0.
491,"BatchNormalization","5a/bn5a_branch2c",591.,100352,100352,0,0,0,2048,7,7,2048,7,7,"","","","","","","",1235.,1235.,0.
483,"BatchNormalization","5a/bn5a_branch1",629.,100352,100352,0,0,0,2048,7,7,2048,7,7,"","","","","","","",1232.,1228.,0.
9,"BatchNormalization","2a/bn2a_branch2a",793.,200704,200704,0,0,0,64,56,56,64,56,56,"","","","","","","",2419.,2416.,0.
32,"BatchNormalization","2c/bn2c_branch2b",809.,200704,200704,0,0,0,64,56,56,64,56,56,"","","","","","","",2416.,2414.,0.
29,"BatchNormalization","2c/bn2c_branch2a",811.,200704,200704,0,0,0,64,56,56,64,56,56,"","","","","","","",2422.,2417.,0.
22,"BatchNormalization","2b/bn2b_branch2b",815.,200704,200704,0,0,0,64,56,56,64,56,56,"","","","","","","",2413.,2414.,0.
19,"BatchNormalization","2b/bn2b_branch2a",845.,200704,200704,0,0,0,64,56,56,64,56,56,"","","","","","","",2411.,2417.,0.
12,"BatchNormalization","2a/bn2a_branch2b",846.,200704,200704,0,0,0,64,56,56,64,56,56,"","","","","","","",2413.,2413.,0.
2,"BatchNormalization","bn_conv1",2969.,802816,802816,0,0,0,64,112,112,64,112,112,"","","","","","","",9361.,9394.,0.
64,"BatchNormalization","3c/bn3c_branch2b",513.,100352,100352,0,0,0,128,28,28,128,28,28,"","","","","","","",1265.,1265.,0.
44,"BatchNormalization","3a/bn3a_branch2b",515.,100352,100352,0,0,0,128,28,28,128,28,28,"","","","","","","",1265.,1263.,0.
54,"BatchNormalization","3b/bn3b_branch2b",517.,100352,100352,0,0,0,128,28,28,128,28,28,"","","","","","","",1264.,1265.,0.
74,"BatchNormalization","3d/bn3d_branch2b",517.,100352,100352,0,0,0,128,28,28,128,28,28,"","","","","","","",1236.,1229.,0.
51,"BatchNormalization","3b/bn3b_branch2a",526.,100352,100352,0,0,0,128,28,28,128,28,28,"","","","","","","",1265.,1266.,0.
71,"BatchNormalization","3d/bn3d_branch2a",529.,100352,100352,0,0,0,128,28,28,128,28,28,"","","","","","","",1267.,1264.,0.
41,"BatchNormalization","3a/bn3a_branch2a",530.,100352,100352,0,0,0,128,28,28,128,28,28,"","","","","","","",1264.,1266.,0.
61,"BatchNormalization","3c/bn3c_branch2a",541.,100352,100352,0,0,0,128,28,28,128,28,28,"","","","","","","",1264.,1264.,0.
86,"BatchNormalization","4a/bn4a_branch2b",355.,50176,50176,0,0,0,256,14,14,256,14,14,"","","","","","","",640.,639.,0.
116,"BatchNormalization","4d/bn4d_branch2b",359.,50176,50176,0,0,0,256,14,14,256,14,14,"","","","","","","",644.,643.,0.
83,"BatchNormalization","4a/bn4a_branch2a",363.,50176,50176,0,0,0,256,14,14,256,14,14,"","","","","","","",639.,642.,0.
136,"BatchNormalization","4f/bn4f_branch2b",363.,50176,50176,0,0,0,256,14,14,256,14,14,"","","","","","","",643.,639.,0.
133,"BatchNormalization","4f/bn4f_branch2a",364.,50176,50176,0,0,0,256,14,14,256,14,14,"","","","","","","",642.,641.,0.
96,"BatchNormalization","4b/bn4b_branch2b",365.,50176,50176,0,0,0,256,14,14,256,14,14,"","","","","","","",641.,640.,0.
106,"BatchNormalization","4c/bn4c_branch2b",366.,50176,50176,0,0,0,256,14,14,256,14,14,"","","","","","","",642.,641.,0.
93,"BatchNormalization","4b/bn4b_branch2a",367.,50176,50176,0,0,0,256,14,14,256,14,14,"","","","","","","",641.,638.,0.
113,"BatchNormalization","4d/bn4d_branch2a",367.,50176,50176,0,0,0,256,14,14,256,14,14,"","","","","","","",642.,641.,0.
123,"BatchNormalization","4e/bn4e_branch2a",368.,50176,50176,0,0,0,256,14,14,256,14,14,"","","","","","","",642.,638.,0.
126,"BatchNormalization","4e/bn4e_branch2b",368.,50176,50176,0,0,0,256,14,14,256,14,14,"","","","","","","",640.,642.,0.
103,"BatchNormalization","4c/bn4c_branch2a",372.,50176,50176,0,0,0,256,14,14,256,14,14,"","","","","","","",639.,639.,0.
15,"BatchNormalization","2a/bn2a_branch2c",2964.,802816,802816,0,0,0,256,56,56,256,56,56,"","","","","","","",9359.,9400.,0.
7,"BatchNormalization","2a/bn2a_branch1",2996.,802816,802816,0,0,0,256,56,56,256,56,56,"","","","","","","",9389.,9392.,0.
25,"BatchNormalization","2b/bn2b_branch2c",3006.,802816,802816,0,0,0,256,56,56,256,56,56,"","","","","","","",9360.,9384.,0.
35,"BatchNormalization","2c/bn2c_branch2c",3054.,802816,802816,0,0,0,256,56,56,256,56,56,"","","","","","","",9369.,9388.,0.
145,"BatchNormalization","5a/bn5a_branch2a",281.,25088,25088,0,0,0,512,7,7,512,7,7,"","","","","","","",356.,357.,0.
168,"BatchNormalization","5c/bn5c_branch2b",281.,25088,25088,0,0,0,512,7,7,512,7,7,"","","","","","","",353.,354.,0.
155,"BatchNormalization","5b/bn5b_branch2a",285.,25088,25088,0,0,0,512,7,7,512,7,7,"","","","","","","",356.,353.,0.
165,"BatchNormalization","5c/bn5c_branch2a",288.,25088,25088,0,0,0,512,7,7,512,7,7,"","","","","","","",356.,354.,0.
158,"BatchNormalization","5b/bn5b_branch2b",289.,25088,25088,0,0,0,512,7,7,512,7,7,"","","","","","","",353.,354.,0.
148,"BatchNormalization","5a/bn5a_branch2b",296.,25088,25088,0,0,0,512,7,7,512,7,7,"","","","","","","",356.,355.,0.
67,"BatchNormalization","3c/bn3c_branch2c",1447.,401408,401408,0,0,0,512,28,28,512,28,28,"","","","","","","",4719.,4720.,0.
57,"BatchNormalization","3b/bn3b_branch2c",1451.,401408,401408,0,0,0,512,28,28,512,28,28,"","","","","","","",4719.,4721.,0.
39,"BatchNormalization","3a/bn3a_branch1",1454.,401408,401408,0,0,0,512,28,28,512,28,28,"","","","","","","",4720.,4715.,0.
47,"BatchNormalization","3a/bn3a_branch2c",1456.,401408,401408,0,0,0,512,28,28,512,28,28,"","","","","","","",4717.,4718.,0.
77,"BatchNormalization","3d/bn3d_branch2c",1463.,401408,401408,0,0,0,512,28,28,512,28,28,"","","","","","","",4676.,4679.,0.
139,"BatchNormalization","4f/bn4f_branch2c",820.,200704,200704,0,0,0,1024,14,14,1024,14,14,"","","","","","","",2373.,2376.,0.
89,"BatchNormalization","4a/bn4a_branch2c",823.,200704,200704,0,0,0,1024,14,14,1024,14,14,"","","","","","","",2376.,2378.,0.
81,"BatchNormalization","4a/bn4a_branch1",825.,200704,200704,0,0,0,1024,14,14,1024,14,14,"","","","","","","",2376.,2374.,0.
99,"BatchNormalization","4b/bn4b_branch2c",825.,200704,200704,0,0,0,1024,14,14,1024,14,14,"","","","","","","",2381.,2377.,0.
109,"BatchNormalization","4c/bn4c_branch2c",825.,200704,200704,0,0,0,1024,14,14,1024,14,14,"","","","","","","",2377.,2375.,0.
119,"BatchNormalization","4d/bn4d_branch2c",827.,200704,200704,0,0,0,1024,14,14,1024,14,14,"","","","","","","",2375.,2374.,0.
129,"BatchNormalization","4e/bn4e_branch2c",830.,200704,200704,0,0,0,1024,14,14,1024,14,14,"","","","","","","",2376.,2377.,0.
143,"BatchNormalization","5a/bn5a_branch1",555.,100352,100352,0,0,0,2048,7,7,2048,7,7,"","","","","","","",1233.,1232.,0.
151,"BatchNormalization","5a/bn5a_branch2c",556.,100352,100352,0,0,0,2048,7,7,2048,7,7,"","","","","","","",1228.,1231.,0.
161,"BatchNormalization","5b/bn5b_branch2c",556.,100352,100352,0,0,0,2048,7,7,2048,7,7,"","","","","","","",1231.,1229.,0.
171,"BatchNormalization","5c/bn5c_branch2c",557.,100352,100352,0,0,0,2048,7,7,2048,7,7,"","","","","","","",1233.,1231.,0.
2,"BatchNormalization",2,2907.,802816,802816,0,0,0,64,112,112,64,112,112,"","","","","","","",9388.,9378.,0.
9,"BatchNormalization","5/5",1367.,401408,401408,0,0,0,128,56,56,128,56,56,"","","","","","","",4689.,4683.,0.
28,"BatchNormalization","7/2",1376.,401408,401408,0,0,0,128,56,56,128,56,56,"","","","","","","",4704.,4704.,0.
31,"BatchNormalization","7/5",1388.,401408,401408,0,0,0,128,56,56,128,56,56,"","","","","","","",4701.,4702.,0.
21,"BatchNormalization","6/5",1393.,401408,401408,0,0,0,128,56,56,128,56,56,"","","","","","","",4701.,4701.,0.
6,"BatchNormalization","5/2",1409.,401408,401408,0,0,0,128,56,56,128,56,56,"","","","","","","",4686.,4686.,0.
18,"BatchNormalization","6/2",1443.,401408,401408,0,0,0,128,56,56,128,56,56,"","","","","","","",4704.,4707.,0.
50,"BatchNormalization","9/2",816.,200704,200704,0,0,0,256,28,28,256,28,28,"","","","","","","",2403.,2404.,0.
41,"BatchNormalization","8/5",817.,200704,200704,0,0,0,256,28,28,256,28,28,"","","","","","","",2404.,2401.,0.
53,"BatchNormalization","9/5",821.,200704,200704,0,0,0,256,28,28,256,28,28,"","","","","","","",2404.,2404.,0.
73,"BatchNormalization","11/5",822.,200704,200704,0,0,0,256,28,28,256,28,28,"","","","","","","",2376.,2375.,0.
60,"BatchNormalization","10/2",823.,200704,200704,0,0,0,256,28,28,256,28,28,"","","","","","","",2403.,2405.,0.
63,"BatchNormalization","10/5",824.,200704,200704,0,0,0,256,28,28,256,28,28,"","","","","","","",2403.,2401.,0.
70,"BatchNormalization","11/2",830.,200704,200704,0,0,0,256,28,28,256,28,28,"","","","","","","",2379.,2375.,0.
12,"BatchNormalization","5/8",2882.,802816,802816,0,0,0,256,56,56,256,56,56,"","","","","","","",9314.,9322.,0.
14,"BatchNormalization","5/10",2894.,802816,802816,0,0,0,256,56,56,256,56,56,"","","","","","","",9316.,9349.,0.
34,"BatchNormalization","7/8",2928.,802816,802816,0,0,0,256,56,56,256,56,56,"","","","","","","",9325.,9339.,0.
38,"BatchNormalization","8/2",2928.,802816,802816,0,0,0,256,56,56,256,56,56,"","","","","","","",9332.,9334.,0.
24,"BatchNormalization","6/8",2978.,802816,802816,0,0,0,256,56,56,256,56,56,"","","","","","","",9334.,9329.,0.
112,"BatchNormalization","15/2",526.,100352,100352,0,0,0,512,14,14,512,14,14,"","","","","","","",1231.,1230.,0.
132,"BatchNormalization","17/2",534.,100352,100352,0,0,0,512,14,14,512,14,14,"","","","","","","",1232.,1233.,0.
135,"BatchNormalization","17/5",540.,100352,100352,0,0,0,512,14,14,512,14,14,"","","","","","","",1232.,1231.,0.
83,"BatchNormalization","12/5",549.,100352,100352,0,0,0,512,14,14,512,14,14,"","","","","","","",1230.,1232.,0.
102,"BatchNormalization","14/2",553.,100352,100352,0,0,0,512,14,14,512,14,14,"","","","","","","",1237.,1230.,0.
105,"BatchNormalization","14/5",553.,100352,100352,0,0,0,512,14,14,512,14,14,"","","","","","","",1232.,1234.,0.
125,"BatchNormalization","16/5",553.,100352,100352,0,0,0,512,14,14,512,14,14,"","","","","","","",1231.,1233.,0.
92,"BatchNormalization","13/2",554.,100352,100352,0,0,0,512,14,14,512,14,14,"","","","","","","",1232.,1235.,0.
115,"BatchNormalization","15/5",554.,100352,100352,0,0,0,512,14,14,512,14,14,"","","","","","","",1261.,1257.,0.
95,"BatchNormalization","13/5",555.,100352,100352,0,0,0,512,14,14,512,14,14,"","","","","","","",1236.,1234.,0.
122,"BatchNormalization","16/2",557.,100352,100352,0,0,0,512,14,14,512,14,14,"","","","","","","",1234.,1234.,0.
44,"BatchNormalization","8/8",1385.,401408,401408,0,0,0,512,28,28,512,28,28,"","","","","","","",4699.,4699.,0.
46,"BatchNormalization","8/10",1387.,401408,401408,0,0,0,512,28,28,512,28,28,"","","","","","","",4702.,4701.,0.
56,"BatchNormalization","9/8",1399.,401408,401408,0,0,0,512,28,28,512,28,28,"","","","","","","",4705.,4706.,0.
66,"BatchNormalization","10/8",1411.,401408,401408,0,0,0,512,28,28,512,28,28,"","","","","","","",4702.,4672.,0.
80,"BatchNormalization","12/2",1468.,401408,401408,0,0,0,512,28,28,512,28,28,"","","","","","","",4679.,4678.,0.
76,"BatchNormalization","11/8",1485.,401408,401408,0,0,0,512,28,28,512,28,28,"","","","","","","",4678.,4675.,0.
154,"BatchNormalization","19/2",378.,50176,50176,0,0,0,1024,7,7,1024,7,7,"","","","","","","",677.,677.,0.
157,"BatchNormalization","19/5",382.,50176,50176,0,0,0,1024,7,7,1024,7,7,"","","","","","","",677.,680.,0.
145,"BatchNormalization","18/5",386.,50176,50176,0,0,0,1024,7,7,1024,7,7,"","","","","","","",743.,741.,0.
167,"BatchNormalization","20/5",386.,50176,50176,0,0,0,1024,7,7,1024,7,7,"","","","","","","",674.,677.,0.
164,"BatchNormalization","20/2",388.,50176,50176,0,0,0,1024,7,7,1024,7,7,"","","","","","","",677.,679.,0.
138,"BatchNormalization","17/8",831.,200704,200704,0,0,0,1024,14,14,1024,14,14,"","","","","","","",2377.,2384.,0.
142,"BatchNormalization","18/2",835.,200704,200704,0,0,0,1024,14,14,1024,14,14,"","","","","","","",2376.,2373.,0.
128,"BatchNormalization","16/8",836.,200704,200704,0,0,0,1024,14,14,1024,14,14,"","","","","","","",2380.,2375.,0.
108,"BatchNormalization","14/8",869.,200704,200704,0,0,0,1024,14,14,1024,14,14,"","","","","","","",2373.,2374.,0.
86,"BatchNormalization","12/8",872.,200704,200704,0,0,0,1024,14,14,1024,14,14,"","","","","","","",2373.,2375.,0.
98,"BatchNormalization","13/8",873.,200704,200704,0,0,0,1024,14,14,1024,14,14,"","","","","","","",2372.,2374.,0.
118,"BatchNormalization","15/8",875.,200704,200704,0,0,0,1024,14,14,1024,14,14,"","","","","","","",2408.,2411.,0.
88,"BatchNormalization","12/10",879.,200704,200704,0,0,0,1024,14,14,1024,14,14,"","","","","","","",2379.,2376.,0.
150,"BatchNormalization","18/10",552.,100352,100352,0,0,0,2048,7,7,2048,7,7,"","","","","","","",1261.,1262.,0.
148,"BatchNormalization","18/8",555.,100352,100352,0,0,0,2048,7,7,2048,7,7,"","","","","","","",1377.,1380.,0.
170,"BatchNormalization","20/8",557.,100352,100352,0,0,0,2048,7,7,2048,7,7,"","","","","","","",1261.,1261.,0.
160,"BatchNormalization","19/8",558.,100352,100352,0,0,0,2048,7,7,2048,7,7,"","","","","","","",1260.,1258.,0.
32,"BatchNormalization","3a/bnproj",264.,23328,23328,0,0,0,32,27,27,32,27,27,"","","","","","","",336.,333.,0.
79,"BatchNormalization","4a/bn3x3_reduce",222.,12544,12544,0,0,0,64,14,14,64,14,14,"","","","","","","",213.,214.,0.
13,"BatchNormalization","3a/bn1x1",340.,46656,46656,0,0,0,64,27,27,64,27,27,"","","","","","","",599.,603.,0.
55,"BatchNormalization","3b/bnproj",350.,46656,46656,0,0,0,64,27,27,64,27,27,"","","","","","","",599.,602.,0.
65,"BatchNormalization","3c/bndouble_3x3_reduce",350.,46656,46656,0,0,0,64,27,27,64,27,27,"","","","","","","",602.,599.,0.
22,"BatchNormalization","3a/bndouble_3x3_reduce",352.,46656,46656,0,0,0,64,27,27,64,27,27,"","","","","","","",604.,601.,0.
16,"BatchNormalization","3a/bn3x3_reduce",353.,46656,46656,0,0,0,64,27,27,64,27,27,"","","","","","","",601.,600.,0.
19,"BatchNormalization","3a/bn3x3",353.,46656,46656,0,0,0,64,27,27,64,27,27,"","","","","","","",600.,600.,0.
36,"BatchNormalization","3b/bn1x1",354.,46656,46656,0,0,0,64,27,27,64,27,27,"","","","","","","",602.,598.,0.
45,"BatchNormalization","3b/bndouble_3x3_reduce",356.,46656,46656,0,0,0,64,27,27,64,27,27,"","","","","","","",603.,599.,0.
39,"BatchNormalization","3b/bn3x3_reduce",359.,46656,46656,0,0,0,64,27,27,64,27,27,"","","","","","","",600.,600.,0.
6,"BatchNormalization","bn_2_red",797.,193600,193600,0,0,0,64,55,55,64,55,55,"","","","","","","",2285.,2281.,0.
2,"BatchNormalization","bn_1",3010.,802816,802816,0,0,0,64,112,112,64,112,112,"","","","","","","",9303.,9312.,0.
85,"BatchNormalization","4a/bndouble_3x3_reduce",246.,18816,18816,0,0,0,96,14,14,96,14,14,"","","","","","","",283.,284.,0.
108,"BatchNormalization","4b/bndouble_3x3_reduce",248.,18816,18816,0,0,0,96,14,14,96,14,14,"","","","","","","",284.,284.,0.
71,"BatchNormalization","3c/bndouble_3x3_1",252.,18816,18816,0,0,0,96,14,14,96,14,14,"","","","","","","",284.,285.,0.
102,"BatchNormalization","4b/bn3x3_reduce",253.,18816,18816,0,0,0,96,14,14,96,14,14,"","","","","","","",285.,283.,0.
145,"BatchNormalization","4d/bn1x1",254.,18816,18816,0,0,0,96,14,14,96,14,14,"","","","","","","",282.,282.,0.
82,"BatchNormalization","4a/bn3x3",255.,18816,18816,0,0,0,96,14,14,96,14,14,"","","","","","","",287.,285.,0.
51,"BatchNormalization","3b/bndouble_3x3_1",427.,69984,69984,0,0,0,96,27,27,96,27,27,"","","","","","","",873.,872.,0.
48,"BatchNormalization","3b/bndouble_3x3_0",428.,69984,69984,0,0,0,96,27,27,96,27,27,"","","","","","","",871.,876.,0.
68,"BatchNormalization","3c/bndouble_3x3_0",431.,69984,69984,0,0,0,96,27,27,96,27,27,"","","","","","","",871.,875.,0.
25,"BatchNormalization","3a/bndouble_3x3_0",432.,69984,69984,0,0,0,96,27,27,96,27,27,"","","","","","","",874.,872.,0.
28,"BatchNormalization","3a/bndouble_3x3_1",433.,69984,69984,0,0,0,96,27,27,96,27,27,"","","","","","","",871.,872.,0.
42,"BatchNormalization","3b/bn3x3",436.,69984,69984,0,0,0,96,27,27,96,27,27,"","","","","","","",872.,870.,0.
227,"BatchNormalization","5b/bnproj",198.,6272,6272,0,0,0,128,7,7,128,7,7,"","","","","","","",141.,140.,0.
204,"BatchNormalization","5a/bnproj",199.,6272,6272,0,0,0,128,7,7,128,7,7,"","","","","","","",141.,141.,0.
118,"BatchNormalization","4b/bnproj",274.,25088,25088,0,0,0,128,14,14,128,14,14,"","","","","","","",354.,355.,0.
91,"BatchNormalization","4a/bndouble_3x3_1",275.,25088,25088,0,0,0,128,14,14,128,14,14,"","","","","","","",354.,354.,0.
105,"BatchNormalization","4b/bn3x3",276.,25088,25088,0,0,0,128,14,14,128,14,14,"","","","","","","",355.,355.,0.
141,"BatchNormalization","4c/bnproj",276.,25088,25088,0,0,0,128,14,14,128,14,14,"","","","","","","",352.,353.,0.
111,"BatchNormalization","4b/bndouble_3x3_0",277.,25088,25088,0,0,0,128,14,14,128,14,14,"","","","","","","",354.,355.,0.
164,"BatchNormalization","4d/bnproj",277.,25088,25088,0,0,0,128,14,14,128,14,14,"","","","","","","",354.,354.,0.
148,"BatchNormalization","4d/bn3x3_reduce",279.,25088,25088,0,0,0,128,14,14,128,14,14,"","","","","","","",353.,353.,0.
168,"BatchNormalization","4e/bn3x3_reduce",279.,25088,25088,0,0,0,128,14,14,128,14,14,"","","","","","","",354.,353.,0.
95,"BatchNormalization","4a/bnproj",280.,25088,25088,0,0,0,128,14,14,128,14,14,"","","","","","","",353.,353.,0.
125,"BatchNormalization","4c/bn3x3_reduce",280.,25088,25088,0,0,0,128,14,14,128,14,14,"","","","","","","",353.,352.,0.
131,"BatchNormalization","4c/bndouble_3x3_reduce",280.,25088,25088,0,0,0,128,14,14,128,14,14,"","","","","","","",353.,352.,0.
88,"BatchNormalization","4a/bndouble_3x3_0",282.,25088,25088,0,0,0,128,14,14,128,14,14,"","","","","","","",355.,354.,0.
114,"BatchNormalization","4b/bndouble_3x3_1",282.,25088,25088,0,0,0,128,14,14,128,14,14,"","","","","","","",356.,355.,0.
59,"BatchNormalization","3c/bn3x3_reduce",498.,93312,93312,0,0,0,128,27,27,128,27,27,"","","","","","","",1145.,1148.,0.
194,"BatchNormalization","5a/bndouble_3x3_reduce",187.,7840,7840,0,0,0,160,7,7,160,7,7,"","","","","","","",159.,158.,0.
122,"BatchNormalization","4c/bn1x1",292.,31360,31360,0,0,0,160,14,14,160,14,14,"","","","","","","",425.,426.,0.
154,"BatchNormalization","4d/bndouble_3x3_reduce",301.,31360,31360,0,0,0,160,14,14,160,14,14,"","","","","","","",424.,424.,0.
62,"BatchNormalization","3c/bn3x3",302.,31360,31360,0,0,0,160,14,14,160,14,14,"","","","","","","",422.,424.,0.
137,"BatchNormalization","4c/bndouble_3x3_1",305.,31360,31360,0,0,0,160,14,14,160,14,14,"","","","","","","",423.,424.,0.
128,"BatchNormalization","4c/bn3x3",307.,31360,31360,0,0,0,160,14,14,160,14,14,"","","","","","","",425.,426.,0.
134,"BatchNormalization","4c/bndouble_3x3_0",309.,31360,31360,0,0,0,160,14,14,160,14,14,"","","","","","","",426.,424.,0.
217,"BatchNormalization","5b/bndouble_3x3_reduce",210.,9408,9408,0,0,0,192,7,7,192,7,7,"","","","","","","",178.,176.,0.
188,"BatchNormalization","5a/bn3x3_reduce",214.,9408,9408,0,0,0,192,7,7,192,7,7,"","","","","","","",176.,177.,0.
171,"BatchNormalization","4e/bn3x3",215.,9408,9408,0,0,0,192,7,7,192,7,7,"","","","","","","",178.,177.,0.
211,"BatchNormalization","5b/bn3x3_reduce",215.,9408,9408,0,0,0,192,7,7,192,7,7,"","","","","","","",177.,177.,0.
157,"BatchNormalization","4d/bndouble_3x3_0",327.,37632,37632,0,0,0,192,14,14,192,14,14,"","","","","","","",495.,495.,0.
151,"BatchNormalization","4d/bn3x3",328.,37632,37632,0,0,0,192,14,14,192,14,14,"","","","","","","",495.,493.,0.
174,"BatchNormalization","4e/bndouble_3x3_reduce",331.,37632,37632,0,0,0,192,14,14,192,14,14,"","","","","","","",496.,497.,0.
99,"BatchNormalization","4b/bn1x1",332.,37632,37632,0,0,0,192,14,14,192,14,14,"","","","","","","",496.,496.,0.
160,"BatchNormalization","4d/bndouble_3x3_1",332.,37632,37632,0,0,0,192,14,14,192,14,14,"","","","","","","",495.,496.,0.
9,"BatchNormalization","bn_2",2007.,580800,580800,0,0,0,192,55,55,192,55,55,"","","","","","","",6715.,6747.,0.
197,"BatchNormalization","5a/bndouble_3x3_0",212.,10976,10976,0,0,0,224,7,7,224,7,7,"","","","","","","",193.,194.,0.
220,"BatchNormalization","5b/bndouble_3x3_0",219.,10976,10976,0,0,0,224,7,7,224,7,7,"","","","","","","",195.,194.,0.
200,"BatchNormalization","5a/bndouble_3x3_1",225.,10976,10976,0,0,0,224,7,7,224,7,7,"","","","","","","",196.,193.,0.
223,"BatchNormalization","5b/bndouble_3x3_1",323.,10976,10976,0,0,0,224,7,7,224,7,7,"","","","","","","",194.,194.,0.
76,"BatchNormalization","4a/bn1x1",344.,43904,43904,0,0,0,224,14,14,224,14,14,"","","","","","","",571.,572.,0.
180,"BatchNormalization","4e/bndouble_3x3_1",232.,12544,12544,0,0,0,256,7,7,256,7,7,"","","","","","","",212.,212.,0.
177,"BatchNormalization","4e/bndouble_3x3_0",373.,50176,50176,0,0,0,256,14,14,256,14,14,"","","","","","","",640.,640.,0.
191,"BatchNormalization","5a/bn3x3",242.,15680,15680,0,0,0,320,7,7,320,7,7,"","","","","","","",246.,248.,0.
214,"BatchNormalization","5b/bn3x3",346.,15680,15680,0,0,0,320,7,7,320,7,7,"","","","","","","",246.,246.,0.
185,"BatchNormalization","5a/bn1x1",257.,17248,17248,0,0,0,352,7,7,352,7,7,"","","","","","","",265.,265.,0.
208,"BatchNormalization","5b/bn1x1",258.,17248,17248,0,0,0,352,7,7,352,7,7,"","","","","","","",266.,265.,0.
9,"BatchNormalization","stage0_block0/bn_branch2a",497.,100352,100352,0,0,0,32,56,56,32,56,56,"","","","","","","",1230.,1227.,0.
29,"BatchNormalization","stage0_block2/bn_branch2a",510.,100352,100352,0,0,0,32,56,56,32,56,56,"","","","","","","",1224.,1222.,0.
19,"BatchNormalization","stage0_block1/bn_branch2a",516.,100352,100352,0,0,0,32,56,56,32,56,56,"","","","","","","",1225.,1220.,0.
22,"BatchNormalization","stage0_block1/bn_branch2b",516.,100352,100352,0,0,0,32,56,56,32,56,56,"","","","","","","",1224.,1226.,0.
32,"BatchNormalization","stage0_block2/bn_branch2b",516.,100352,100352,0,0,0,32,56,56,32,56,56,"","","","","","","",1221.,1222.,0.
12,"BatchNormalization","stage0_block0/bn_branch2b",522.,100352,100352,0,0,0,32,56,56,32,56,56,"","","","","","","",1224.,1224.,0.
44,"BatchNormalization","stage1_block0/bn_branch2b",356.,50176,50176,0,0,0,64,28,28,64,28,28,"","","","","","","",640.,639.,0.
71,"BatchNormalization","stage1_block3/bn_branch2a",356.,50176,50176,0,0,0,64,28,28,64,28,28,"","","","","","","",645.,643.,0.
51,"BatchNormalization","stage1_block1/bn_branch2a",357.,50176,50176,0,0,0,64,28,28,64,28,28,"","","","","","","",637.,640.,0.
74,"BatchNormalization","stage1_block3/bn_branch2b",358.,50176,50176,0,0,0,64,28,28,64,28,28,"","","","","","","",642.,644.,0.
54,"BatchNormalization","stage1_block1/bn_branch2b",361.,50176,50176,0,0,0,64,28,28,64,28,28,"","","","","","","",640.,640.,0.
41,"BatchNormalization","stage1_block0/bn_branch2a",362.,50176,50176,0,0,0,64,28,28,64,28,28,"","","","","","","",641.,641.,0.
61,"BatchNormalization","stage1_block2/bn_branch2a",366.,50176,50176,0,0,0,64,28,28,64,28,28,"","","","","","","",641.,640.,0.
64,"BatchNormalization","stage1_block2/bn_branch2b",367.,50176,50176,0,0,0,64,28,28,64,28,28,"","","","","","","",640.,642.,0.
2,"BatchNormalization","bn_1",2921.,802816,802816,0,0,0,64,112,112,64,112,112,"","","","","","","",9307.,9277.,0.
83,"BatchNormalization","stage2_block0/bn_branch2a",264.,25088,25088,0,0,0,128,14,14,128,14,14,"","","","","","","",352.,352.,0.
96,"BatchNormalization","stage2_block1/bn_branch2b",267.,25088,25088,0,0,0,128,14,14,128,14,14,"","","","","","","",353.,354.,0.
113,"BatchNormalization","stage2_block3/bn_branch2a",269.,25088,25088,0,0,0,128,14,14,128,14,14,"","","","","","","",354.,354.,0.
136,"BatchNormalization","stage2_block5/bn_branch2b",269.,25088,25088,0,0,0,128,14,14,128,14,14,"","","","","","","",353.,354.,0.
86,"BatchNormalization","stage2_block0/bn_branch2b",270.,25088,25088,0,0,0,128,14,14,128,14,14,"","","","","","","",352.,353.,0.
93,"BatchNormalization","stage2_block1/bn_branch2a",270.,25088,25088,0,0,0,128,14,14,128,14,14,"","","","","","","",353.,354.,0.
133,"BatchNormalization","stage2_block5/bn_branch2a",272.,25088,25088,0,0,0,128,14,14,128,14,14,"","","","","","","",354.,353.,0.
116,"BatchNormalization","stage2_block3/bn_branch2b",275.,25088,25088,0,0,0,128,14,14,128,14,14,"","","","","","","",354.,353.,0.
126,"BatchNormalization","stage2_block4/bn_branch2b",277.,25088,25088,0,0,0,128,14,14,128,14,14,"","","","","","","",352.,354.,0.
106,"BatchNormalization","stage2_block2/bn_branch2b",278.,25088,25088,0,0,0,128,14,14,128,14,14,"","","","","","","",353.,353.,0.
103,"BatchNormalization","stage2_block2/bn_branch2a",279.,25088,25088,0,0,0,128,14,14,128,14,14,"","","","","","","",352.,354.,0.
123,"BatchNormalization","stage2_block4/bn_branch2a",279.,25088,25088,0,0,0,128,14,14,128,14,14,"","","","","","","",355.,352.,0.
25,"BatchNormalization","stage0_block1/bn_branch2c",1385.,401408,401408,0,0,0,128,56,56,128,56,56,"","","","","","","",4663.,4658.,0.
35,"BatchNormalization","stage0_block2/bn_branch2c",1388.,401408,401408,0,0,0,128,56,56,128,56,56,"","","","","","","",4658.,4663.,0.
7,"BatchNormalization","stage0_block0/bn_proj_shortcut",1447.,401408,401408,0,0,0,128,56,56,128,56,56,"","","","","","","",4659.,4658.,0.
15,"BatchNormalization","stage0_block0/bn_branch2c",1471.,401408,401408,0,0,0,128,56,56,128,56,56,"","","","","","","",4668.,4666.,0.
158,"BatchNormalization","stage3_block1/bn_branch2b",223.,12544,12544,0,0,0,256,7,7,256,7,7,"","","","","","","",213.,212.,0.
165,"BatchNormalization","stage3_block2/bn_branch2a",223.,12544,12544,0,0,0,256,7,7,256,7,7,"","","","","","","",212.,211.,0.
148,"BatchNormalization","stage3_block0/bn_branch2b",224.,12544,12544,0,0,0,256,7,7,256,7,7,"","","","","","","",213.,214.,0.
168,"BatchNormalization","stage3_block2/bn_branch2b",224.,12544,12544,0,0,0,256,7,7,256,7,7,"","","","","","","",212.,214.,0.
155,"BatchNormalization","stage3_block1/bn_branch2a",226.,12544,12544,0,0,0,256,7,7,256,7,7,"","","","","","","",213.,215.,0.
145,"BatchNormalization","stage3_block0/bn_branch2a",227.,12544,12544,0,0,0,256,7,7,256,7,7,"","","","","","","",214.,214.,0.
47,"BatchNormalization","stage1_block0/bn_branch2c",800.,200704,200704,0,0,0,256,28,28,256,28,28,"","","","","","","",2360.,2369.,0.
77,"BatchNormalization","stage1_block3/bn_branch2c",802.,200704,200704,0,0,0,256,28,28,256,28,28,"","","","","","","",2367.,2361.,0.
67,"BatchNormalization","stage1_block2/bn_branch2c",804.,200704,200704,0,0,0,256,28,28,256,28,28,"","","","","","","",2368.,2368.,0.
57,"BatchNormalization","stage1_block1/bn_branch2c",805.,200704,200704,0,0,0,256,28,28,256,28,28,"","","","","","","",2365.,2365.,0.
39,"BatchNormalization","stage1_block0/bn_proj_shortcut",827.,200704,200704,0,0,0,256,28,28,256,28,28,"","","","","","","",2368.,2364.,0.
139,"BatchNormalization","stage2_block5/bn_branch2c",501.,100352,100352,0,0,0,512,14,14,512,14,14,"","","","","","","",1225.,1223.,0.
109,"BatchNormalization","stage2_block2/bn_branch2c",513.,100352,100352,0,0,0,512,14,14,512,14,14,"","","","","","","",1221.,1222.,0.
99,"BatchNormalization","stage2_block1/bn_branch2c",515.,100352,100352,0,0,0,512,14,14,512,14,14,"","","","","","","",1223.,1223.,0.
89,"BatchNormalization","stage2_block0/bn_branch2c",517.,100352,100352,0,0,0,512,14,14,512,14,14,"","","","","","","",1220.,1222.,0.
81,"BatchNormalization","stage2_block0/bn_proj_shortcut",519.,100352,100352,0,0,0,512,14,14,512,14,14,"","","","","","","",1222.,1223.,0.
129,"BatchNormalization","stage2_block4/bn_branch2c",526.,100352,100352,0,0,0,512,14,14,512,14,14,"","","","","","","",1225.,1223.,0.
119,"BatchNormalization","stage2_block3/bn_branch2c",527.,100352,100352,0,0,0,512,14,14,512,14,14,"","","","","","","",1224.,1221.,0.
143,"BatchNormalization","stage3_block0/bn_proj_shortcut",389.,50176,50176,0,0,0,1024,7,7,1024,7,7,"","","","","","","",644.,641.,0.
171,"BatchNormalization","stage3_block2/bn_branch2c",392.,50176,50176,0,0,0,1024,7,7,1024,7,7,"","","","","","","",641.,638.,0.
161,"BatchNormalization","stage3_block1/bn_branch2c",394.,50176,50176,0,0,0,1024,7,7,1024,7,7,"","","","","","","",642.,640.,0.
151,"BatchNormalization","stage3_block0/bn_branch2c",397.,50176,50176,0,0,0,1024,7,7,1024,7,7,"","","","","","","",642.,640.,0.
