32,"Flatten","flatten_0",272.93,0,0,0,0,0,512,7,7,25088,"","","","","","","","","",0.
32,"Flatten","flatten_0",271.17,0,0,0,0,0,512,7,7,25088,"","","","","","","","","",0.
29,"Flatten","DynamicRouting/2/Net/dots_flatten",208.33,0,0,0,0,0,1152,10,"",11520,"","","","","","","","","",0.
32,"Flatten","flatten_0",267.93,0,0,0,0,0,512,7,7,25088,"","","","","","","","","",0.
145,"Flatten","flatten_0",173.27,0,0,0,0,0,1024,1,1,1024,"","","","","","","","","",0.
145,"Flatten","flatten_0",173.07,0,0,0,0,0,1024,1,1,1024,"","","","","","","","","",0.
145,"Flatten","flatten_0",174.33,0,0,0,0,0,1024,1,1,1024,"","","","","","","","","",0.
308,"Flatten","flatten",189.03,0,0,0,0,0,2048,1,1,2048,"","","","","","","","","",0.
7,"Flatten",7,177.07,0,0,0,0,0,50,4,4,800,"","","","","","","","","",0.
345,"Flatten","flatten_0",173.17000000000002,0,0,0,0,0,2048,1,1,2048,"","","","","","","","","",0.
515,"Flatten","flatten_0",172.37,0,0,0,0,0,2048,1,1,2048,"","","","","","","","","",0.
175,"Flatten","flatten_0",187.,0,0,0,0,0,2048,1,1,2048,"","","","","","","","","",0.
68,"Flatten","flatten",163.20000000000002,0,0,0,0,0,1000,"","",1000,"","","","","","","","","",0.
32,"Flatten","flatten_0",269.17,0,0,0,0,0,512,7,7,25088,"","","","","","","","","",0.
38,"Flatten","flatten_0",277.1,0,0,0,0,0,512,7,7,25088,"","","","","","","","","",0.
175,"Flatten","flatten_0",172.83,0,0,0,0,0,1024,1,1,1024,"","","","","","","","","",0.
