"start_index","end_index","sequence_length","num_runs","start_name","end_name","sequence_name","start_layer_kind","end_layer_kind","sequence_layer_kind","start_layer_path_time","mean_path_time","end_layer_path_time","raw_path_time"
1,10,9,50,"bn_data","stage1_unit1/relu2","bn_data-conv0-bn0-relu0-pooling0-stage1_unit1/bn1-stage1_unit1/relu1-stage1_unit1/conv1-stage1_unit1/bn2-stage1_unit1/relu2","BatchNormalization","Elementwise","BatchNormalization-Convolution-BatchNormalization-Elementwise-Pooling-BatchNormalization-Elementwise-Convolution-BatchNormalization-Elementwise",6445.,6516.166700000001,7246.,"{7246., 6693., 6687., 6734., 6502., 6548., 6654., 6522., 6530., 6574., 6543., 6564., 6516., 6556., 6562., 6476., 6552., 6523., 6462., 6467., 6494., 6459., 6492., 6531., 6492., 6487., 6605., 6476., 6493., 6641., 6497., 6445., 6527., 6524., 6484., 6534., 6575., 6520., 6483., 6484., 6500., 6453., 6479., 6502., 6479., 6451., 6586., 6463., 6451., 6565.}"
11,11,0,50,"stage1_unit1/conv2","stage1_unit1/conv2","stage1_unit1/conv2","Convolution","Convolution","Convolution",1710.,1756.1667,1887.,"{1879., 1887., 1773., 1818., 1745., 1741., 1750., 1724., 1749., 1817., 1761., 1730., 1737., 1722., 1785., 1832., 1729., 1738., 1730., 1759., 1818., 1762., 1740., 1718., 1763., 1725., 1856., 1754., 1759., 1730., 1743., 1809., 1807., 1756., 1740., 1765., 1715., 1854., 1725., 1755., 1710., 1740., 1755., 1820., 1755., 1719., 1739., 1746., 1799., 1832.}"
12,12,0,50,"stage1_unit1/bn3","stage1_unit1/bn3","stage1_unit1/bn3","BatchNormalization","BatchNormalization","BatchNormalization",92.,102.1667,188.,"{188., 155., 153., 154., 155., 152., 153., 154., 154., 153., 154., 154., 153., 153., 112., 100., 93., 93., 93., 93., 93., 93., 94., 92., 94., 93., 93., 93., 94., 94., 93., 93., 94., 93., 93., 93., 93., 93., 94., 93., 93., 93., 93., 93., 93., 94., 94., 94., 94., 93.}"
13,13,0,50,"stage1_unit1/relu3","stage1_unit1/relu3","stage1_unit1/relu3","Elementwise","Elementwise","Elementwise",115.,115.9333,136.,"{136., 118., 116., 116., 116., 117., 116., 115., 116., 116., 116., 115., 117., 116., 116., 115., 116., 116., 116., 115., 115., 116., 116., 116., 117., 116., 128., 116., 115., 116., 117., 117., 116., 115., 115., 116., 115., 116., 116., 123., 115., 116., 115., 116., 116., 116., 117., 116., 115., 116.}"
14,14,0,50,"stage1_unit1/conv3","stage1_unit1/conv3","stage1_unit1/conv3","Convolution","Convolution","Convolution",342.,345.6,414.,"{414., 360., 346., 343., 343., 375., 382., 385., 387., 343., 345., 345., 360., 345., 342., 345., 344., 344., 344., 344., 343., 345., 344., 357., 346., 343., 342., 345., 344., 345., 346., 345., 344., 351., 374., 395., 385., 342., 343., 345., 343., 343., 345., 344., 343., 344., 355., 346., 345., 344.}"
15,15,0,50,"stage1_unit1/sc","stage1_unit1/sc","stage1_unit1/sc","Convolution","Convolution","Convolution",238.,330.7,446.,"{446., 401., 387., 367., 345., 344., 344., 343., 345., 344., 344., 344., 355., 346., 345., 343., 345., 345., 344., 345., 343., 344., 343., 344., 355., 346., 343., 343., 379., 382., 384., 372., 347., 345., 344., 337., 254., 242., 240., 240., 239., 239., 239., 238., 239., 238., 239., 238., 240., 239.}"
16,25,9,50,"stage1_unit1/_plus_stage1_unit1","stage1_unit2/conv3","stage1_unit1/_plus_stage1_unit1-stage1_unit2/bn1-stage1_unit2/relu1-stage1_unit2/conv1-stage1_unit2/bn2-stage1_unit2/relu2-stage1_unit2/conv2-stage1_unit2/bn3-stage1_unit2/relu3-stage1_unit2/conv3","Threading","Convolution","Threading-BatchNormalization-Elementwise-Convolution-BatchNormalization-Elementwise-Convolution-BatchNormalization-Elementwise-Convolution",3980.,4052.5667000000003,4592.,"{4592., 4429., 4165., 4080., 4159., 4049., 4105., 4006., 4027., 4064., 3980., 4081., 3991., 4113., 4030., 4008., 4104., 4026., 4093., 4085., 4016., 4140., 4001., 4124., 4044., 3994., 4156., 3992., 4139., 4015., 4026., 4095., 4019., 4104., 4006., 4004., 4074., 4001., 4098., 3986., 4032., 4062., 4024., 4071., 4021., 4061., 4051., 3985., 4135., 3983.}"
26,35,9,50,"stage1_unit2/_plus_stage1_unit2","stage1_unit3/conv3","stage1_unit2/_plus_stage1_unit2-stage1_unit3/bn1-stage1_unit3/relu1-stage1_unit3/conv1-stage1_unit3/bn2-stage1_unit3/relu2-stage1_unit3/conv2-stage1_unit3/bn3-stage1_unit3/relu3-stage1_unit3/conv3","Threading","Convolution","Threading-BatchNormalization-Elementwise-Convolution-BatchNormalization-Elementwise-Convolution-BatchNormalization-Elementwise-Convolution",3908.,4002.2000000000003,7418.,"{4711., 7418., 7295., 7121., 5411., 4091., 3948., 4041., 3990., 3929., 4104., 3940., 4047., 4003., 3940., 4096., 3926., 4043., 3956., 3923., 4072., 3964., 4072., 3973., 3941., 4082., 3914., 4036., 3980., 3949., 4060., 3931., 4085., 3957., 3908., 4085., 3921., 4098., 3958., 3909., 4089., 3949., 4058., 3934., 3916., 4065., 3919., 4030., 3961., 3947.}"
36,45,9,50,"stage1_unit3/_plus_stage1_unit3","stage2_unit1/conv3","stage1_unit3/_plus_stage1_unit3-stage2_unit1/bn1-stage2_unit1/relu1-stage2_unit1/conv1-stage2_unit1/bn2-stage2_unit1/relu2-stage2_unit1/conv2-stage2_unit1/bn3-stage2_unit1/relu3-stage2_unit1/conv3","Threading","Convolution","Threading-BatchNormalization-Elementwise-Convolution-BatchNormalization-Elementwise-Convolution-BatchNormalization-Elementwise-Convolution",3570.,3624.7000000000003,4177.,"{4177., 3902., 3701., 3714., 3613., 3606., 3699., 3596., 3585., 3685., 3588., 3657., 3645., 3596., 3682., 3611., 3573., 3682., 3602., 3586., 3650., 3610., 3635., 3617., 3592., 3669., 3600., 3582., 3660., 3571., 3579., 3683., 3582., 3665., 3634., 3581., 3668., 3659., 3597., 3718., 3595., 3582., 3675., 3570., 3624., 3631., 3594., 3681., 3582., 3573.}"
46,46,0,50,"stage2_unit1/sc","stage2_unit1/sc","stage2_unit1/sc","Convolution","Convolution","Convolution",540.,545.8333,665.,"{665., 564., 566., 545., 543., 614., 605., 555., 543., 558., 544., 543., 542., 543., 542., 543., 555., 543., 542., 543., 543., 543., 543., 644., 616., 542., 543., 540., 541., 542., 554., 542., 542., 542., 542., 542., 541., 542., 553., 543., 578., 604., 599., 543., 542., 559., 547., 545., 546., 545.}"
47,56,9,50,"stage2_unit1/_plus_stage2_unit1","stage2_unit2/conv3","stage2_unit1/_plus_stage2_unit1-stage2_unit2/bn1-stage2_unit2/relu1-stage2_unit2/conv1-stage2_unit2/bn2-stage2_unit2/relu2-stage2_unit2/conv2-stage2_unit2/bn3-stage2_unit2/relu3-stage2_unit2/conv3","Threading","Convolution","Threading-BatchNormalization-Elementwise-Convolution-BatchNormalization-Elementwise-Convolution-BatchNormalization-Elementwise-Convolution",2643.,2700.6333,3003.,"{3003., 2910., 2759., 2673., 2686., 2815., 2679., 2689., 2643., 2817., 2670., 2650., 2778., 2693., 2652., 2703., 2809., 2694., 2680., 2668., 2808., 2674., 2674., 2775., 2710., 2659., 2677., 2804., 2650., 2676., 2648., 2836., 2648., 2666., 2788., 2726., 2652., 2671., 2790., 2660., 2680., 2669., 2822., 2663., 2680., 2737., 2728., 2663., 2662., 2795.}"
57,66,9,50,"stage2_unit2/_plus_stage2_unit2","stage2_unit3/conv3","stage2_unit2/_plus_stage2_unit2-stage2_unit3/bn1-stage2_unit3/relu1-stage2_unit3/conv1-stage2_unit3/bn2-stage2_unit3/relu2-stage2_unit3/conv2-stage2_unit3/bn3-stage2_unit3/relu3-stage2_unit3/conv3","Threading","Convolution","Threading-BatchNormalization-Elementwise-Convolution-BatchNormalization-Elementwise-Convolution-BatchNormalization-Elementwise-Convolution",2633.,2696.2667,2917.,"{2917., 2747., 2684., 2819., 2675., 2665., 2746., 2739., 2634., 2706., 2824., 2652., 2662., 2695., 2839., 2659., 2678., 2741., 2712., 2698., 2675., 2822., 2670., 2648., 2662., 2813., 2678., 2658., 2746., 2718., 2633., 2685., 2827., 2660., 2671., 2680., 2786., 2699., 2682., 2723., 2738., 2690., 2660., 2839., 2689., 2634., 2671., 2808., 2657., 2663.}"
67,76,9,50,"stage2_unit3/_plus_stage2_unit3","stage2_unit4/conv3","stage2_unit3/_plus_stage2_unit3-stage2_unit4/bn1-stage2_unit4/relu1-stage2_unit4/conv1-stage2_unit4/bn2-stage2_unit4/relu2-stage2_unit4/conv2-stage2_unit4/bn3-stage2_unit4/relu3-stage2_unit4/conv3","Threading","Convolution","Threading-BatchNormalization-Elementwise-Convolution-BatchNormalization-Elementwise-Convolution-BatchNormalization-Elementwise-Convolution",2636.,2713.1667,2991.,"{2991., 2855., 2683., 2676., 2833., 2686., 2689., 2697., 2814., 2693., 2690., 2728., 2748., 2687., 2675., 2811., 2727., 2691., 2689., 2824., 2685., 2672., 2754., 2752., 2672., 2704., 2843., 2673., 2686., 2694., 2869., 2684., 2695., 2764., 2742., 2683., 2684., 2819., 2685., 2685., 2693., 2834., 2668., 2671., 2761., 2765., 2636., 2725., 2850., 2701.}"
77,86,9,50,"stage2_unit4/_plus_stage2_unit4","stage3_unit1/conv3","stage2_unit4/_plus_stage2_unit4-stage3_unit1/bn1-stage3_unit1/relu1-stage3_unit1/conv1-stage3_unit1/bn2-stage3_unit1/relu2-stage3_unit1/conv2-stage3_unit1/bn3-stage3_unit1/relu3-stage3_unit1/conv3","Threading","Convolution","Threading-BatchNormalization-Elementwise-Convolution-BatchNormalization-Elementwise-Convolution-BatchNormalization-Elementwise-Convolution",2429.,2495.7667,2685.,"{2685., 2579., 2637., 2460., 2444., 2440., 2621., 2445., 2429., 2469., 2623., 2457., 2458., 2440., 2622., 2460., 2441., 2450., 2613., 2449., 2464., 2446., 2644., 2465., 2449., 2556., 2582., 2460., 2471., 2514., 2576., 2476., 2457., 2547., 2590., 2468., 2502., 2524., 2558., 2471., 2443., 2572., 2542., 2442., 2451., 2558., 2528., 2486., 2456., 2568.}"
87,87,0,50,"stage3_unit1/sc","stage3_unit1/sc","stage3_unit1/sc","Convolution","Convolution","Convolution",466.,469.0333,557.,"{557., 480., 470., 468., 468., 467., 484., 469., 468., 496., 528., 533., 467., 467., 483., 469., 467., 469., 467., 467., 467., 467., 467., 481., 468., 467., 468., 467., 466., 467., 515., 539., 510., 467., 467., 467., 466., 467., 466., 481., 469., 467., 468., 467., 477., 470., 468., 467., 469., 468.}"
88,97,9,50,"stage3_unit1/_plus_stage3_unit1","stage3_unit2/conv3","stage3_unit1/_plus_stage3_unit1-stage3_unit2/bn1-stage3_unit2/relu1-stage3_unit2/conv1-stage3_unit2/bn2-stage3_unit2/relu2-stage3_unit2/conv2-stage3_unit2/bn3-stage3_unit2/relu3-stage3_unit2/conv3","Threading","Convolution","Threading-BatchNormalization-Elementwise-Convolution-BatchNormalization-Elementwise-Convolution-BatchNormalization-Elementwise-Convolution",1624.,1652.8333,1866.,"{1866., 1755., 1770., 1658., 1633., 1646., 1628., 1682., 1764., 1636., 1644., 1624., 1639., 1683., 1721., 1641., 1628., 1641., 1627., 1685., 1739., 1637., 1641., 1625., 1637., 1683., 1717., 1636., 1638., 1643., 1626., 1683., 1732., 1629., 1637., 1650., 1640., 1692., 1723., 1637., 1625., 1641., 1627., 1695., 1725., 1624., 1640., 1626., 1635., 1703.}"
98,107,9,50,"stage3_unit2/_plus_stage3_unit2","stage3_unit3/conv3","stage3_unit2/_plus_stage3_unit2-stage3_unit3/bn1-stage3_unit3/relu1-stage3_unit3/conv1-stage3_unit3/bn2-stage3_unit3/relu2-stage3_unit3/conv2-stage3_unit3/bn3-stage3_unit3/relu3-stage3_unit3/conv3","Threading","Convolution","Threading-BatchNormalization-Elementwise-Convolution-BatchNormalization-Elementwise-Convolution-BatchNormalization-Elementwise-Convolution",1619.,3168.9667,3345.,"{1805., 1823., 1653., 1622., 1619., 1635., 1621., 1806., 1626., 3231., 3163., 3293., 3119., 3138., 3285., 3155., 3160., 3277., 3158., 3169., 3299., 3123., 3153., 3275., 3167., 3163., 3239., 3232., 3173., 3196., 3275., 3130., 3128., 3345., 3178., 3139., 3320., 3141., 3169., 3280., 3169., 3129., 3284., 3159., 3152., 3277., 3125., 3140., 3334., 3140.}"
108,117,9,50,"stage3_unit3/_plus_stage3_unit3","stage3_unit4/conv3","stage3_unit3/_plus_stage3_unit3-stage3_unit4/bn1-stage3_unit4/relu1-stage3_unit4/conv1-stage3_unit4/bn2-stage3_unit4/relu2-stage3_unit4/conv2-stage3_unit4/bn3-stage3_unit4/relu3-stage3_unit4/conv3","Threading","Convolution","Threading-BatchNormalization-Elementwise-Convolution-BatchNormalization-Elementwise-Convolution-BatchNormalization-Elementwise-Convolution",1615.,3123.0333,3330.,"{3291., 3202., 3318., 3145., 3134., 3269., 3202., 3138., 3218., 3200., 3152., 3178., 3291., 3158., 3139., 3330., 3125., 3143., 3286., 3140., 3131., 3281., 3148., 3106., 3297., 3150., 3169., 3307., 3143., 3163., 3276., 3207., 3156., 3222., 3222., 3149., 3192., 3280., 3169., 1628., 1623., 1821., 1623., 1662., 1616., 1615., 1632., 1794., 1633., 1630.}"
118,127,9,50,"stage3_unit4/_plus_stage3_unit4","stage3_unit5/conv3","stage3_unit4/_plus_stage3_unit4-stage3_unit5/bn1-stage3_unit5/relu1-stage3_unit5/conv1-stage3_unit5/bn2-stage3_unit5/relu2-stage3_unit5/conv2-stage3_unit5/bn3-stage3_unit5/relu3-stage3_unit5/conv3","Threading","Convolution","Threading-BatchNormalization-Elementwise-Convolution-BatchNormalization-Elementwise-Convolution-BatchNormalization-Elementwise-Convolution",1621.,1649.1333000000002,1798.,"{1798., 1669., 1654., 1628., 1739., 1697., 1632., 1638., 1621., 1641., 1718., 1682., 1643., 1621., 1639., 1622., 1770., 1677., 1644., 1630., 1625., 1638., 1727., 1691., 1640., 1626., 1637., 1623., 1733., 1677., 1626., 1637., 1627., 1641., 1724., 1690., 1641., 1629., 1640., 1629., 1740., 1688., 1625., 1635., 1626., 1640., 1727., 1682., 1635., 1624.}"
128,137,9,50,"stage3_unit5/_plus_stage3_unit5","stage3_unit6/conv3","stage3_unit5/_plus_stage3_unit5-stage3_unit6/bn1-stage3_unit6/relu1-stage3_unit6/conv1-stage3_unit6/bn2-stage3_unit6/relu2-stage3_unit6/conv2-stage3_unit6/bn3-stage3_unit6/relu3-stage3_unit6/conv3","Threading","Convolution","Threading-BatchNormalization-Elementwise-Convolution-BatchNormalization-Elementwise-Convolution-BatchNormalization-Elementwise-Convolution",1619.,1635.8333,1817.,"{1790., 1659., 1651., 1625., 1799., 1630., 1629., 1623., 1640., 1641., 1781., 1641., 1622., 1619., 1639., 1621., 1817., 1623., 1683., 1631., 1625., 1642., 1793., 1645., 1629., 1621., 1637., 1620., 1797., 1625., 1639., 1626., 1626., 1642., 1779., 1640., 1624., 1622., 1651., 1624., 1800., 1627., 1644., 1631., 1625., 1638., 1783., 1639., 1627., 1631.}"
138,147,9,50,"stage3_unit6/_plus_stage3_unit6","stage3_unit7/conv3","stage3_unit6/_plus_stage3_unit6-stage3_unit7/bn1-stage3_unit7/relu1-stage3_unit7/conv1-stage3_unit7/bn2-stage3_unit7/relu2-stage3_unit7/conv2-stage3_unit7/bn3-stage3_unit7/relu3-stage3_unit7/conv3","Threading","Convolution","Threading-BatchNormalization-Elementwise-Convolution-BatchNormalization-Elementwise-Convolution-BatchNormalization-Elementwise-Convolution",1621.,1645.3667,1796.,"{1796., 1681., 1628., 1669., 1739., 1634., 1642., 1626., 1637., 1669., 1722., 1633., 1621., 1638., 1626., 1670., 1755., 1625., 1640., 1624., 1639., 1675., 1740., 1642., 1629., 1637., 1626., 1668., 1747., 1626., 1640., 1626., 1635., 1671., 1722., 1638., 1625., 1642., 1622., 1671., 1742., 1624., 1641., 1628., 1646., 1671., 1735., 1634., 1630., 1638.}"
148,157,9,50,"stage3_unit7/_plus_stage3_unit7","stage3_unit8/conv3","stage3_unit7/_plus_stage3_unit7-stage3_unit8/bn1-stage3_unit8/relu1-stage3_unit8/conv1-stage3_unit8/bn2-stage3_unit8/relu2-stage3_unit8/conv2-stage3_unit8/bn3-stage3_unit8/relu3-stage3_unit8/conv3","Threading","Convolution","Threading-BatchNormalization-Elementwise-Convolution-BatchNormalization-Elementwise-Convolution-BatchNormalization-Elementwise-Convolution",1620.,1639.8000000000002,1793.,"{1786., 1677., 1638., 1779., 1659., 1626., 1644., 1623., 1639., 1758., 1657., 1625., 1624., 1658., 1626., 1774., 1645., 1628., 1674., 1627., 1639., 1763., 1653., 1624., 1637., 1665., 1626., 1793., 1623., 1622., 1640., 1630., 1638., 1768., 1637., 1620., 1622., 1640., 1625., 1785., 1632., 1626., 1640., 1632., 1643., 1790., 1638., 1625., 1621., 1632.}"
158,167,9,50,"stage3_unit8/_plus_stage3_unit8","stage3_unit9/conv3","stage3_unit8/_plus_stage3_unit8-stage3_unit9/bn1-stage3_unit9/relu1-stage3_unit9/conv1-stage3_unit9/bn2-stage3_unit9/relu2-stage3_unit9/conv2-stage3_unit9/bn3-stage3_unit9/relu3-stage3_unit9/conv3","Threading","Convolution","Threading-BatchNormalization-Elementwise-Convolution-BatchNormalization-Elementwise-Convolution-BatchNormalization-Elementwise-Convolution",1618.,1632.0333,1809.,"{1789., 1668., 1641., 1809., 1627., 1639., 1619., 1622., 1639., 1790., 1642., 1623., 1637., 1622., 1618., 1798., 1623., 1634., 1623., 1631., 1639., 1786., 1635., 1624., 1638., 1624., 1622., 1798., 1620., 1629., 1621., 1620., 1634., 1788., 1641., 1626., 1632., 1644., 1622., 1799., 1625., 1635., 1625., 1626., 1633., 1786., 1637., 1620., 1633., 1620.}"
168,177,9,50,"stage3_unit9/_plus_stage3_unit9","stage3_unit10/conv3","stage3_unit9/_plus_stage3_unit9-stage3_unit10/bn1-stage3_unit10/relu1-stage3_unit10/conv1-stage3_unit10/bn2-stage3_unit10/relu2-stage3_unit10/conv2-stage3_unit10/bn3-stage3_unit10/relu3-stage3_unit10/conv3","Threading","Convolution","Threading-BatchNormalization-Elementwise-Convolution-BatchNormalization-Elementwise-Convolution-BatchNormalization-Elementwise-Convolution",1623.,1654.5667,1810.,"{1810., 1657., 1710., 1708., 1627., 1645., 1628., 1645., 1703., 1716., 1645., 1628., 1642., 1625., 1716., 1709., 1629., 1678., 1633., 1642., 1714., 1697., 1641., 1628., 1647., 1627., 1730., 1697., 1623., 1654., 1630., 1643., 1722., 1685., 1641., 1625., 1641., 1625., 1737., 1681., 1625., 1643., 1628., 1646., 1724., 1691., 1642., 1629., 1646., 1628.}"
178,187,9,50,"stage3_unit10/_plus_stage3_unit10","stage3_unit11/conv3","stage3_unit10/_plus_stage3_unit10-stage3_unit11/bn1-stage3_unit11/relu1-stage3_unit11/conv1-stage3_unit11/bn2-stage3_unit11/relu2-stage3_unit11/conv2-stage3_unit11/bn3-stage3_unit11/relu3-stage3_unit11/conv3","Threading","Convolution","Threading-BatchNormalization-Elementwise-Convolution-BatchNormalization-Elementwise-Convolution-BatchNormalization-Elementwise-Convolution",1618.,1633.1000000000001,1823.,"{1782., 1664., 1823., 1629., 1635., 1625., 1622., 1636., 1781., 1643., 1619., 1623., 1636., 1622., 1799., 1618., 1637., 1622., 1622., 1645., 1789., 1657., 1623., 1622., 1639., 1626., 1805., 1627., 1636., 1625., 1628., 1642., 1792., 1638., 1624., 1623., 1641., 1623., 1793., 1625., 1636., 1626., 1632., 1635., 1792., 1640., 1621., 1622., 1636., 1625.}"
188,197,9,50,"stage3_unit11/_plus_stage3_unit11","stage3_unit12/conv3","stage3_unit11/_plus_stage3_unit11-stage3_unit12/bn1-stage3_unit12/relu1-stage3_unit12/conv1-stage3_unit12/bn2-stage3_unit12/relu2-stage3_unit12/conv2-stage3_unit12/bn3-stage3_unit12/relu3-stage3_unit12/conv3","Threading","Convolution","Threading-BatchNormalization-Elementwise-Convolution-BatchNormalization-Elementwise-Convolution-BatchNormalization-Elementwise-Convolution",1616.,1638.3333,1781.,"{1753., 1668., 1769., 1625., 1639., 1621., 1616., 1647., 1780., 1640., 1618., 1634., 1619., 1650., 1764., 1622., 1639., 1659., 1626., 1663., 1756., 1639., 1619., 1638., 1627., 1649., 1766., 1618., 1637., 1624., 1624., 1666., 1748., 1637., 1620., 1638., 1625., 1630., 1781., 1626., 1638., 1628., 1624., 1644., 1768., 1642., 1628., 1641., 1624., 1647.}"
198,207,9,50,"stage3_unit12/_plus_stage3_unit12","stage3_unit13/conv3","stage3_unit12/_plus_stage3_unit12-stage3_unit13/bn1-stage3_unit13/relu1-stage3_unit13/conv1-stage3_unit13/bn2-stage3_unit13/relu2-stage3_unit13/conv2-stage3_unit13/bn3-stage3_unit13/relu3-stage3_unit13/conv3","Threading","Convolution","Threading-BatchNormalization-Elementwise-Convolution-BatchNormalization-Elementwise-Convolution-BatchNormalization-Elementwise-Convolution",1621.,1646.4667000000002,1785.,"{1785., 1774., 1685., 1624., 1633., 1633., 1644., 1726., 1684., 1638., 1621., 1635., 1624., 1743., 1678., 1630., 1637., 1629., 1644., 1733., 1672., 1636., 1628., 1643., 1630., 1745., 1674., 1625., 1635., 1630., 1642., 1732., 1671., 1631., 1624., 1638., 1625., 1735., 1670., 1624., 1634., 1625., 1640., 1732., 1677., 1638., 1622., 1635., 1623., 1745.}"
208,217,9,50,"stage3_unit13/_plus_stage3_unit13","stage3_unit14/conv3","stage3_unit13/_plus_stage3_unit13-stage3_unit14/bn1-stage3_unit14/relu1-stage3_unit14/conv1-stage3_unit14/bn2-stage3_unit14/relu2-stage3_unit14/conv2-stage3_unit14/bn3-stage3_unit14/relu3-stage3_unit14/conv3","Threading","Convolution","Threading-BatchNormalization-Elementwise-Convolution-BatchNormalization-Elementwise-Convolution-BatchNormalization-Elementwise-Convolution",1618.,1635.2,1834.,"{1790., 1834., 1635., 1641., 1628., 1625., 1657., 1796., 1643., 1627., 1623., 1636., 1627., 1809., 1646., 1675., 1632., 1625., 1641., 1783., 1641., 1621., 1618., 1626., 1630., 1797., 1627., 1644., 1624., 1619., 1637., 1778., 1638., 1623., 1622., 1633., 1622., 1816., 1627., 1638., 1625., 1623., 1634., 1779., 1643., 1625., 1625., 1625., 1624., 1798.}"
218,227,9,50,"stage3_unit14/_plus_stage3_unit14","stage3_unit15/conv3","stage3_unit14/_plus_stage3_unit14-stage3_unit15/bn1-stage3_unit15/relu1-stage3_unit15/conv1-stage3_unit15/bn2-stage3_unit15/relu2-stage3_unit15/conv2-stage3_unit15/bn3-stage3_unit15/relu3-stage3_unit15/conv3","Threading","Convolution","Threading-BatchNormalization-Elementwise-Convolution-BatchNormalization-Elementwise-Convolution-BatchNormalization-Elementwise-Convolution",1616.,1645.8000000000002,1836.,"{1836., 1754., 1632., 1640., 1623., 1637., 1688., 1701., 1630., 1618., 1635., 1620., 1689., 1713., 1618., 1633., 1618., 1636., 1679., 1723., 1628., 1620., 1640., 1619., 1672., 1746., 1622., 1636., 1631., 1635., 1679., 1726., 1638., 1623., 1631., 1616., 1674., 1734., 1619., 1636., 1619., 1631., 1703., 1734., 1635., 1625., 1639., 1622., 1676., 1749.}"
228,237,9,50,"stage3_unit15/_plus_stage3_unit15","stage3_unit16/conv3","stage3_unit15/_plus_stage3_unit15-stage3_unit16/bn1-stage3_unit16/relu1-stage3_unit16/conv1-stage3_unit16/bn2-stage3_unit16/relu2-stage3_unit16/conv2-stage3_unit16/bn3-stage3_unit16/relu3-stage3_unit16/conv3","Threading","Convolution","Threading-BatchNormalization-Elementwise-Convolution-BatchNormalization-Elementwise-Convolution-BatchNormalization-Elementwise-Convolution",1620.,1637.7333,1922.,"{1922., 1694., 1638., 1647., 1629., 1638., 1786., 1638., 1628., 1624., 1635., 1620., 1788., 1635., 1624., 1661., 1630., 1642., 1788., 1648., 1628., 1628., 1634., 1622., 1798., 1629., 1626., 1641., 1626., 1651., 1796., 1653., 1629., 1627., 1646., 1627., 1795., 1636., 1640., 1625., 1627., 1643., 1797., 1648., 1630., 1629., 1637., 1621., 1829., 1634.}"
238,247,9,50,"stage3_unit16/_plus_stage3_unit16","stage3_unit17/conv3","stage3_unit16/_plus_stage3_unit16-stage3_unit17/bn1-stage3_unit17/relu1-stage3_unit17/conv1-stage3_unit17/bn2-stage3_unit17/relu2-stage3_unit17/conv2-stage3_unit17/bn3-stage3_unit17/relu3-stage3_unit17/conv3","Threading","Convolution","Threading-BatchNormalization-Elementwise-Convolution-BatchNormalization-Elementwise-Convolution-BatchNormalization-Elementwise-Convolution",1616.,1636.7,1889.,"{1889., 1663., 1651., 1627., 1633., 1660., 1746., 1638., 1619., 1636., 1620., 1653., 1748., 1620., 1636., 1616., 1618., 1658., 1748., 1645., 1623., 1637., 1624., 1652., 1767., 1626., 1644., 1626., 1623., 1662., 1759., 1643., 1625., 1630., 1619., 1647., 1756., 1620., 1634., 1618., 1620., 1639., 1766., 1633., 1623., 1633., 1620., 1619., 1784., 1618.}"
248,257,9,50,"stage3_unit17/_plus_stage3_unit17","stage3_unit18/conv3","stage3_unit17/_plus_stage3_unit17-stage3_unit18/bn1-stage3_unit18/relu1-stage3_unit18/conv1-stage3_unit18/bn2-stage3_unit18/relu2-stage3_unit18/conv2-stage3_unit18/bn3-stage3_unit18/relu3-stage3_unit18/conv3","Threading","Convolution","Threading-BatchNormalization-Elementwise-Convolution-BatchNormalization-Elementwise-Convolution-BatchNormalization-Elementwise-Convolution",1613.,1649.6667,1850.,"{1850., 1666., 1647., 1625., 1643., 1716., 1705., 1651., 1627., 1651., 1620., 1725., 1677., 1616., 1670., 1626., 1632., 1711., 1704., 1633., 1620., 1635., 1620., 1726., 1679., 1613., 1632., 1616., 1633., 1703., 1683., 1634., 1621., 1635., 1619., 1714., 1699., 1622., 1634., 1622., 1632., 1701., 1704., 1636., 1624., 1637., 1624., 1714., 1699., 1622.}"
258,267,9,50,"stage3_unit18/_plus_stage3_unit18","stage3_unit19/conv3","stage3_unit18/_plus_stage3_unit18-stage3_unit19/bn1-stage3_unit19/relu1-stage3_unit19/conv1-stage3_unit19/bn2-stage3_unit19/relu2-stage3_unit19/conv2-stage3_unit19/bn3-stage3_unit19/relu3-stage3_unit19/conv3","Threading","Convolution","Threading-BatchNormalization-Elementwise-Convolution-BatchNormalization-Elementwise-Convolution-BatchNormalization-Elementwise-Convolution",1613.,1637.5333,1794.,"{1777., 1663., 1651., 1621., 1637., 1755., 1653., 1619., 1618., 1634., 1613., 1794., 1648., 1617., 1641., 1623., 1638., 1753., 1665., 1625., 1623., 1647., 1623., 1770., 1639., 1621., 1643., 1621., 1632., 1753., 1654., 1622., 1629., 1639., 1622., 1758., 1653., 1618., 1634., 1621., 1634., 1741., 1662., 1620., 1622., 1633., 1620., 1750., 1659., 1622.}"
268,277,9,50,"stage3_unit19/_plus_stage3_unit19","stage3_unit20/conv3","stage3_unit19/_plus_stage3_unit19-stage3_unit20/bn1-stage3_unit20/relu1-stage3_unit20/conv1-stage3_unit20/bn2-stage3_unit20/relu2-stage3_unit20/conv2-stage3_unit20/bn3-stage3_unit20/relu3-stage3_unit20/conv3","Threading","Convolution","Threading-BatchNormalization-Elementwise-Convolution-BatchNormalization-Elementwise-Convolution-BatchNormalization-Elementwise-Convolution",1619.,1633.5667,1803.,"{1776., 1678., 1638., 1639., 1639., 1793., 1640., 1628., 1628., 1642., 1627., 1803., 1635., 1635., 1657., 1624., 1635., 1781., 1637., 1620., 1623., 1634., 1620., 1793., 1623., 1637., 1622., 1619., 1635., 1776., 1641., 1623., 1626., 1641., 1622., 1791., 1622., 1629., 1619., 1619., 1637., 1774., 1641., 1621., 1619., 1635., 1621., 1792., 1621., 1634.}"
278,287,9,50,"stage3_unit20/_plus_stage3_unit20","stage3_unit21/conv3","stage3_unit20/_plus_stage3_unit20-stage3_unit21/bn1-stage3_unit21/relu1-stage3_unit21/conv1-stage3_unit21/bn2-stage3_unit21/relu2-stage3_unit21/conv2-stage3_unit21/bn3-stage3_unit21/relu3-stage3_unit21/conv3","Threading","Convolution","Threading-BatchNormalization-Elementwise-Convolution-BatchNormalization-Elementwise-Convolution-BatchNormalization-Elementwise-Convolution",1620.,1638.2667000000001,1789.,"{1787., 1674., 1634., 1622., 1666., 1738., 1643., 1621., 1638., 1622., 1651., 1764., 1621., 1635., 1623., 1620., 1663., 1748., 1641., 1623., 1656., 1623., 1650., 1753., 1625., 1635., 1626., 1622., 1658., 1747., 1641., 1622., 1636., 1623., 1646., 1772., 1624., 1636., 1628., 1623., 1644., 1745., 1639., 1622., 1633., 1623., 1621., 1789., 1645., 1640.}"
288,297,9,50,"stage3_unit21/_plus_stage3_unit21","stage3_unit22/conv3","stage3_unit21/_plus_stage3_unit21-stage3_unit22/bn1-stage3_unit22/relu1-stage3_unit22/conv1-stage3_unit22/bn2-stage3_unit22/relu2-stage3_unit22/conv2-stage3_unit22/bn3-stage3_unit22/relu3-stage3_unit22/conv3","Threading","Convolution","Threading-BatchNormalization-Elementwise-Convolution-BatchNormalization-Elementwise-Convolution-BatchNormalization-Elementwise-Convolution",1617.,1648.,1802.,"{1802., 1680., 1634., 1650., 1729., 1673., 1644., 1656., 1639., 1627., 1746., 1669., 1623., 1662., 1666., 1646., 1739., 1668., 1627., 1625., 1643., 1629., 1758., 1662., 1622., 1640., 1628., 1638., 1741., 1683., 1624., 1623., 1636., 1624., 1742., 1661., 1622., 1636., 1622., 1637., 1748., 1683., 1628., 1627., 1643., 1623., 1746., 1675., 1617., 1633.}"
298,307,9,50,"stage3_unit22/_plus_stage3_unit22","stage3_unit23/conv3","stage3_unit22/_plus_stage3_unit22-stage3_unit23/bn1-stage3_unit23/relu1-stage3_unit23/conv1-stage3_unit23/bn2-stage3_unit23/relu2-stage3_unit23/conv2-stage3_unit23/bn3-stage3_unit23/relu3-stage3_unit23/conv3","Threading","Convolution","Threading-BatchNormalization-Elementwise-Convolution-BatchNormalization-Elementwise-Convolution-BatchNormalization-Elementwise-Convolution",1617.,1631.8000000000002,1813.,"{1806., 1659., 1634., 1639., 1786., 1639., 1620., 1619., 1638., 1617., 1790., 1623., 1639., 1626., 1619., 1638., 1776., 1636., 1623., 1621., 1636., 1626., 1813., 1624., 1636., 1619., 1629., 1635., 1784., 1637., 1621., 1622., 1651., 1619., 1796., 1624., 1634., 1618., 1619., 1636., 1777., 1638., 1621., 1628., 1635., 1622., 1801., 1626., 1634., 1625.}"
308,317,9,50,"stage3_unit23/_plus_stage3_unit23","stage4_unit1/conv3","stage3_unit23/_plus_stage3_unit23-stage4_unit1/bn1-stage4_unit1/relu1-stage4_unit1/conv1-stage4_unit1/bn2-stage4_unit1/relu2-stage4_unit1/conv2-stage4_unit1/bn3-stage4_unit1/relu3-stage4_unit1/conv3","Threading","Convolution","Threading-BatchNormalization-Elementwise-Convolution-BatchNormalization-Elementwise-Convolution-BatchNormalization-Elementwise-Convolution",1969.,2007.4,2250.,"{2250., 2123., 2166., 2005., 1981., 1990., 1981., 2223., 2001., 1996., 2008., 2039., 2105., 1999., 1973., 2001., 2031., 2073., 1971., 2010., 1969., 2065., 2073., 1976., 1991., 1981., 2086., 2040., 1986., 1977., 1995., 2088., 2027., 1976., 1986., 1972., 2124., 2010., 1995., 1978., 2000., 2141., 1998., 1983., 1987., 1986., 2159., 1982., 2000., 1984.}"
318,318,0,50,"stage4_unit1/sc","stage4_unit1/sc","stage4_unit1/sc","Convolution","Convolution","Convolution",619.,624.9667000000001,752.,"{752., 734., 673., 622., 620., 620., 619., 633., 622., 620., 622., 619., 620., 623., 634., 621., 683., 701., 630., 619., 636., 623., 622., 621., 621., 622., 636., 622., 623., 621., 621., 622., 732., 672., 623., 623., 621., 620., 632., 623., 622., 622., 625., 621., 621., 633., 628., 675., 694., 652.}"
319,328,9,50,"stage4_unit1/_plus_stage4_unit1","stage4_unit2/conv3","stage4_unit1/_plus_stage4_unit1-stage4_unit2/bn1-stage4_unit2/relu1-stage4_unit2/conv1-stage4_unit2/bn2-stage4_unit2/relu2-stage4_unit2/conv2-stage4_unit2/bn3-stage4_unit2/relu3-stage4_unit2/conv3","Threading","Convolution","Threading-BatchNormalization-Elementwise-Convolution-BatchNormalization-Elementwise-Convolution-BatchNormalization-Elementwise-Convolution",1669.,1697.9667000000002,2053.,"{2053., 1748., 1689., 1692., 1672., 1715., 1812., 1676., 1694., 1721., 1696., 1759., 1753., 1691., 1673., 1697., 1681., 1810., 1702., 1671., 1691., 1677., 1696., 1837., 1698., 1673., 1673., 1698., 1673., 1860., 1683., 1698., 1680., 1682., 1733., 1789., 1695., 1679., 1686., 1673., 1762., 1744., 1677., 1695., 1673., 1699., 1803., 1722., 1680., 1669.}"
329,338,9,50,"stage4_unit2/_plus_stage4_unit2","stage4_unit3/conv3","stage4_unit2/_plus_stage4_unit2-stage4_unit3/bn1-stage4_unit3/relu1-stage4_unit3/conv1-stage4_unit3/bn2-stage4_unit3/relu2-stage4_unit3/conv2-stage4_unit3/bn3-stage4_unit3/relu3-stage4_unit3/conv3","Threading","Convolution","Threading-BatchNormalization-Elementwise-Convolution-BatchNormalization-Elementwise-Convolution-BatchNormalization-Elementwise-Convolution",1669.,1696.2333,1864.,"{1859., 1738., 1676., 1849., 1676., 1696., 1669., 1674., 1691., 1823., 1693., 1675., 1690., 1699., 1742., 1778., 1677., 1693., 1672., 1696., 1780., 1751., 1675., 1675., 1692., 1674., 1864., 1678., 1687., 1676., 1678., 1699., 1850., 1700., 1677., 1692., 1679., 1684., 1825., 1678., 1690., 1674., 1702., 1745., 1758., 1696., 1693., 1693., 1682., 1801.}"
339,344,5,50,"stage4_unit3/_plus_stage4_unit3","softmax_softmax","stage4_unit3/_plus_stage4_unit3-bn1-relu1-pool1-fc1-softmax_softmax","Threading","Softmax","Threading-BatchNormalization-Elementwise-Aggregation-Linear-Softmax",4730.,4780.3,4955.,"{4955., 4844., 4877., 4806., 4847., 4777., 4854., 4765., 4849., 4820., 4834., 4763., 4778., 4808., 4755., 4760., 4744., 4754., 4759., 4788., 4755., 4796., 4747., 4819., 4754., 4809., 4745., 4813., 4760., 4809., 4761., 4826., 4755., 4839., 4775., 4801., 4767., 4740., 4794., 4742., 4750., 4730., 4764., 4737., 4774., 4737., 4803., 4781., 4804., 4756.}"
